id,center,mass,dl,ll,type,displacement,shape_file,contps
1,"[0.05230520650370745, 0.019903088952200998]",0.00028000000000000003,"[0, 0.7504000000000001, 0]","[10000.0, 0, 0]",beam,"[0.0001, -7.333227185598944e-06, -0.00016433009621426577]",element_1.json,[]
2,"[0.0495, 0.0305]",0.00028000000000000003,"[0, 0.007141680000000001, 0]","[0, 0, 0]",ground,"[0.0, 0.0, 0.0]",element_2.json,[]
3,"[0.0010236198013321065, 0.02023278900315246]",3.4999999999999996e-08,"[0, 6.180299999999999e-07, 0]","[0, 0, 0]",mortar,"[7.639235443618928e-05, 2.243922797703349e-05, 0.0054547966346829594]",element_3.json,[]
4,"[0.0006967219785511895, 0.019893137451745514]",3.4999999999999996e-08,"[0, 6.180299999999999e-07, 0]","[0, 0, 0]",mortar,"[7.494952047391743e-05, 2.4166812572455782e-05, 0.004082800691173186]",element_4.json,[]
5,"[0.0020280382916207256, 0.020237449059566388]",3.4999999999999996e-08,"[0, 6.180299999999999e-07, 0]","[0, 0, 0]",mortar,"[7.412427742641399e-05, 2.6398299716091006e-05, -0.00046862224529040054]",element_5.json,[]
6,"[0.0017054378769980553, 0.019892914939735464]",3.4999999999999996e-08,"[0, 6.180299999999999e-07, 0]","[0, 0, 0]",mortar,"[7.480827665534831e-05, 2.537737387029176e-05, -0.004645044652930072]",element_6.json,[]
7,"[0.00137254825541536, 0.019912545679632694]",3.4999999999999996e-08,"[0, 6.180299999999999e-07, 0]","[0, 0, 0]",mortar,"[7.471709099195564e-05, 2.3831086713543182e-05, -0.004645044652930034]",element_7.json,[]
8,"[0.003032314958625044, 0.02024241873848169]",3.4999999999999996e-08,"[0, 6.180299999999999e-07, 0]","[0, 0, 0]",mortar,"[7.190860474135705e-05, 2.3347208088497593e-05, -0.00017066457001664354]",element_8.json,[]
9,"[0.002377190760278947, 0.01992017965754317]",3.4999999999999996e-08,"[0, 6.180299999999999e-07, 0]","[0, 0, 0]",mortar,"[7.41104832276711e-05, 2.614163951033477e-05, 0.0012809260111475945]",element_9.json,[]
10,"[0.002710390362593618, 0.019892942038803426]",3.4999999999999996e-08,"[0, 6.180299999999999e-07, 0]","[0, 0, 0]",mortar,"[7.407559385334557e-05, 2.571483547282585e-05, 0.0012809260111475746]",element_10.json,[]
11,"[0.004041320663546381, 0.02024317514724664]",3.4999999999999996e-08,"[0, 6.180299999999999e-07, 0]","[0, 0, 0]",mortar,"[6.650412547975022e-05, 2.7117466610192e-05, 0.0004579810905886814]",element_11.json,[]
12,"[0.003374620372613878, 0.01991564631793658]",3.4999999999999996e-08,"[0, 6.180299999999999e-07, 0]","[0, 0, 0]",mortar,"[7.29496568656393e-05, 2.4519339283741605e-05, 0.0004579039521279318]",element_12.json,[]
13,"[0.0037144594704917127, 0.019903387446636337]",3.4999999999999996e-08,"[0, 6.180299999999999e-07, 0]","[0, 0, 0]",mortar,"[6.643834508389278e-05, 2.4363725617736995e-05, 0.0004579039521275195]",element_13.json,[]
14,"[0.005042510506692162, 0.020242836023761174]",3.4999999999999996e-08,"[0, 6.180299999999999e-07, 0]","[0, 0, 0]",mortar,"[6.716324422346738e-05, 2.6763310504043228e-05, 0.000521396967338451]",element_14.json,[]
15,"[0.004376818721920329, 0.01991149888762975]",3.4999999999999996e-08,"[0, 6.180299999999999e-07, 0]","[0, 0, 0]",mortar,"[6.699048604552187e-05, 2.7110400181805384e-05, 0.0005213969673384413]",element_15.json,[]
16,"[0.004710108697659652, 0.019909852723321353]",3.4999999999999996e-08,"[0, 6.180299999999999e-07, 0]","[0, 0, 0]",mortar,"[6.698962774044372e-05, 2.6936623799210597e-05, 0.0005213969673384389]",element_16.json,[]
17,"[0.0060423107473005465, 0.020242922580246066]",3.4999999999999996e-08,"[0, 6.180299999999999e-07, 0]","[0, 0, 0]",mortar,"[6.759046482337759e-05, 2.635517860487544e-05, 0.00045203708602820775]",element_17.json,[]
18,"[0.005376681686413513, 0.01991032009701657]",3.4999999999999996e-08,"[0, 6.180299999999999e-07, 0]","[0, 0, 0]",mortar,"[6.744011616605277e-05, 2.6656067625934505e-05, 0.0004520370860282028]",element_18.json,[]
19,"[0.00571001388822398, 0.019908835597962502]",3.4999999999999996e-08,"[0, 6.180299999999999e-07, 0]","[0, 0, 0]",mortar,"[6.743944511742617e-05, 2.6505389108748736e-05, 0.000452037086028204]",element_19.json,[]
20,"[0.007042338754970514, 0.020242932247498287]",3.4999999999999996e-08,"[0, 6.180299999999999e-07, 0]","[0, 0, 0]",mortar,"[6.803634003165978e-05, 2.5983784897717166e-05, 0.00042598440936575773]",element_20.json,[]
21,"[0.006376534588178654, 0.01991039241469634]",3.4999999999999996e-08,"[0, 6.180299999999999e-07, 0]","[0, 0, 0]",mortar,"[6.789468324739307e-05, 2.626740709246124e-05, 0.0004259844093657507]",element_21.json,[]
22,"[0.006709830393105874, 0.01990914917456691]",3.4999999999999996e-08,"[0, 6.180299999999999e-07, 0]","[0, 0, 0]",mortar,"[6.789415364648083e-05, 2.612542827585525e-05, 0.0004259844093657573]",element_22.json,[]
23,"[0.00804197966134928, 0.020242873108110827]",3.4999999999999996e-08,"[0, 6.180299999999999e-07, 0]","[0, 0, 0]",mortar,"[6.848866653925452e-05, 2.5593016836952375e-05, 0.00042376427201443217]",element_23.json,[]
24,"[0.007376303540136695, 0.019910161978284532]",3.4999999999999996e-08,"[0, 6.180299999999999e-07, 0]","[0, 0, 0]",mortar,"[6.83476754495326e-05, 2.587510659385541e-05, 0.000423764272014422]",element_24.json,[]
25,"[0.007709589918402555, 0.01990906101926106]",3.4999999999999996e-08,"[0, 6.180299999999999e-07, 0]","[0, 0, 0]",mortar,"[6.83472089024335e-05, 2.5733871734397252e-05, 0.00042376427201442013]",element_25.json,[]
26,"[0.00904138571024912, 0.020242764526401034]",3.4999999999999996e-08,"[0, 6.180299999999999e-07, 0]","[0, 0, 0]",mortar,"[6.896058321008193e-05, 2.519219156151849e-05, 0.0004811332650000187]",element_26.json,[]
27,"[0.008375829158274862, 0.019909944054785068]",3.4999999999999996e-08,"[0, 6.180299999999999e-07, 0]","[0, 0, 0]",mortar,"[6.880045220991447e-05, 2.551241295841201e-05, 0.00048113326500005013]",element_27.json,[]
28,"[0.008709161447795849, 0.019909119020939742]",3.4999999999999996e-08,"[0, 6.180299999999999e-07, 0]","[0, 0, 0]",mortar,"[6.880005525868674e-05, 2.535203570562485e-05, 0.000481133265000051]",element_28.json,[]
29,"[0.010040519186507803, 0.020242786888144494]",3.4999999999999996e-08,"[0, 6.180299999999999e-07, 0]","[0, 0, 0]",mortar,"[6.941863195059144e-05, 2.4673655150390104e-05, 0.0005385657806222738]",element_29.json,[]
30,"[0.009375171618824075, 0.019909949718797216]",3.4999999999999996e-08,"[0, 6.180299999999999e-07, 0]","[0, 0, 0]",mortar,"[6.923937724065932e-05, 2.5031988582566175e-05, 0.000538565780628138]",element_30.json,[]
31,"[0.009708443921989315, 0.019909172348523973]",3.4999999999999996e-08,"[0, 6.180299999999999e-07, 0]","[0, 0, 0]",mortar,"[6.923895857563127e-05, 2.4852499524450248e-05, 0.0005385657806281276]",element_31.json,[]
32,"[0.011040310144817487, 0.020243004209050196]",3.4999999999999996e-08,"[0, 6.180299999999999e-07, 0]","[0, 0, 0]",mortar,"[6.999178848080082e-05, 2.4373242033953215e-05, -4.5683825000818884e-05]",element_32.json,[]
33,"[0.01037518803781427, 0.01991044882114252]",3.4999999999999996e-08,"[0, 6.180299999999999e-07, 0]","[0, 0, 0]",mortar,"[6.953759743384031e-05, 2.4596155270626363e-05, 0.0010415007790334383]",element_33.json,[]
34,"[0.010708520777359018, 0.019909663587144317]",3.4999999999999996e-08,"[0, 6.180299999999999e-07, 0]","[0, 0, 0]",mortar,"[6.953677961201947e-05, 2.4248988962713157e-05, 0.0010415007790334331]",element_34.json,[]
35,"[0.012038890628184029, 0.02024300260697792]",3.4999999999999996e-08,"[0, 6.180299999999999e-07, 0]","[0, 0, 0]",mortar,"[6.988078910725028e-05, 2.3700906208078633e-05, 0.0007857818230380658]",element_35.json,[]
36,"[0.011374211967686487, 0.019910751387640244]",3.4999999999999996e-08,"[0, 6.180299999999999e-07, 0]","[0, 0, 0]",mortar,"[6.96197121384125e-05, 2.42231986176589e-05, 0.0007857818230380662]",element_36.json,[]
37,"[0.011707434998186559, 0.019909674082795252]",3.4999999999999996e-08,"[0, 6.180299999999999e-07, 0]","[0, 0, 0]",mortar,"[6.961886561184743e-05, 2.3961358017274284e-05, 0.0007857818230380665]",element_37.json,[]
38,"[0.013032690248877517, 0.02024444311843539]",3.4999999999999996e-08,"[0, 6.180299999999999e-07, 0]","[0, 0, 0]",mortar,"[6.979276625197744e-05, 2.3254382440435523e-05, 1.5178830414797062e-18]",element_38.json,[]
39,"[0.012373916495339789, 0.019911383404980894]",3.4999999999999996e-08,"[0, 6.180299999999999e-07, 0]","[0, 0, 0]",mortar,"[6.987865351541194e-05, 2.3407773115446727e-05, 0.00010250671224741812]",element_39.json,[]
40,"[0.012707211520187061, 0.01990290332592829]",3.4999999999999996e-08,"[0, 6.180299999999999e-07, 0]","[0, 0, 0]",mortar,"[6.987778425038865e-05, 2.3373608138241213e-05, 0.0001025067122474247]",element_40.json,[]
41,"[0.014036138407525309, 0.020240176857970874]",3.4999999999999996e-08,"[0, 6.180299999999999e-07, 0]","[0, 0, 0]",mortar,"[6.472484936149677e-05, 3.22138481806635e-05, 4.8039621661886904e-05]",element_41.json,[]
42,"[0.013369129989514561, 0.019913730207418923]",3.4999999999999996e-08,"[0, 6.180299999999999e-07, 0]","[0, 0, 0]",mortar,"[6.952763011183761e-05, 2.3396561058926018e-05, 0.00036836483763911707]",element_42.json,[]
43,"[0.01370714208976633, 0.019902636379739692]",3.4999999999999996e-08,"[0, 6.180299999999999e-07, 0]","[0, 0, 0]",mortar,"[6.484484260096393e-05, 2.327204931218096e-05, 0.00036836468350468225]",element_43.json,[]
44,"[0.01503522301903863, 0.020239520477812946]",3.4999999999999996e-08,"[0, 6.180299999999999e-07, 0]","[0, 0, 0]",mortar,"[6.481236178312375e-05, 3.172364703309142e-05, 0.0005803040474511502]",element_44.json,[]
45,"[0.014369859365749707, 0.01990699875281586]",3.4999999999999996e-08,"[0, 6.180299999999999e-07, 0]","[0, 0, 0]",mortar,"[6.461939808024249e-05, 3.210976025412186e-05, 0.0005803040474511516]",element_45.json,[]
46,"[0.014703139364173017, 0.019905828914604434]",3.4999999999999996e-08,"[0, 6.180299999999999e-07, 0]","[0, 0, 0]",mortar,"[6.461871921839354e-05, 3.1916356522102304e-05, 0.0005803040474511547]",element_46.json,[]
47,"[0.016034191312063937, 0.02023962251951785]",3.4999999999999996e-08,"[0, 6.180299999999999e-07, 0]","[0, 0, 0]",mortar,"[6.557065616118403e-05, 3.1257018531131764e-05, 0.0002738727984789976]",element_47.json,[]
48,"[0.015368916346882141, 0.019906194935966265]",3.4999999999999996e-08,"[0, 6.180299999999999e-07, 0]","[0, 0, 0]",mortar,"[6.519294175135914e-05, 3.165690008163033e-05, 0.0010285830473062295]",element_48.json,[]
49,"[0.01570219021800401, 0.019905187254737753]",3.4999999999999996e-08,"[0, 6.180299999999999e-07, 0]","[0, 0, 0]",mortar,"[6.519190526753043e-05, 3.131410022768426e-05, 0.0010285830473062316]",element_49.json,[]
50,"[0.017033035232205226, 0.02023994011920094]",3.4999999999999996e-08,"[0, 6.180299999999999e-07, 0]","[0, 0, 0]",mortar,"[6.579808790346165e-05, 3.082399476837728e-05, 0.000336311202685137]",element_50.json,[]
51,"[0.016367814311614357, 0.019906332779907776]",3.4999999999999996e-08,"[0, 6.180299999999999e-07, 0]","[0, 0, 0]",mortar,"[6.554153438188873e-05, 3.123863753388461e-05, 0.0006198414508503446]",element_51.json,[]
52,"[0.016701087782377444, 0.019905222926487796]",3.4999999999999996e-08,"[0, 6.180299999999999e-07, 0]","[0, 0, 0]",mortar,"[6.554084644873386e-05, 3.103206082223732e-05, 0.0006198414508503478]",element_52.json,[]
53,"[0.018032409061820184, 0.020239266920323185]",3.4999999999999996e-08,"[0, 6.180299999999999e-07, 0]","[0, 0, 0]",mortar,"[6.641168965546426e-05, 3.0201603445509288e-05, 0.0005273614744286663]",element_53.json,[]
54,"[0.01736670594729631, 0.01990662293630579]",3.4999999999999996e-08,"[0, 6.180299999999999e-07, 0]","[0, 0, 0]",mortar,"[6.612238598948851e-05, 3.0705041717754534e-05, 0.000753098679964293]",element_54.json,[]
55,"[0.0176999920509591, 0.019905411366318446]",3.4999999999999996e-08,"[0, 6.180299999999999e-07, 0]","[0, 0, 0]",mortar,"[6.612147355773115e-05, 3.0454044393035407e-05, 0.0007530986799642939]",element_55.json,[]
56,"[0.01903055130214398, 0.020239810585409163]",3.4999999999999996e-08,"[0, 6.180299999999999e-07, 0]","[0, 0, 0]",mortar,"[6.676431685466898e-05, 2.9685400129654905e-05, 0.0004737930870708306]",element_56.json,[]
57,"[0.018365538329103002, 0.019906347358903287]",3.4999999999999996e-08,"[0, 6.180299999999999e-07, 0]","[0, 0, 0]",mortar,"[6.657904380053716e-05, 3.003652977288376e-05, 0.0005273614744286696]",element_57.json,[]
58,"[0.018698818537888393, 0.01990552390806626]",3.4999999999999996e-08,"[0, 6.180299999999999e-07, 0]","[0, 0, 0]",mortar,"[6.657860954428986e-05, 2.9860770630580266e-05, 0.0005273614744286689]",element_58.json,[]
59,"[0.020029761420107515, 0.020240120827588626]",3.4999999999999996e-08,"[0, 6.180299999999999e-07, 0]","[0, 0, 0]",mortar,"[6.751079287723981e-05, 2.9520023514410154e-05, -5.94811602805996e-05]",element_59.json,[]
60,"[0.019364488913603598, 0.019906582593595432]",3.4999999999999996e-08,"[0, 6.180299999999999e-07, 0]","[0, 0, 0]",mortar,"[6.708657716069978e-05, 2.9719665805518023e-05, 0.0009664309513752723]",element_60.json,[]
61,"[0.019697746901998575, 0.019905469023306022]",3.4999999999999996e-08,"[0, 6.180299999999999e-07, 0]","[0, 0, 0]",mortar,"[6.708550097190559e-05, 2.9397594970740057e-05, 0.0009664309513752724]",element_61.json,[]
62,"[0.021028580963765458, 0.02024002856792982]",3.4999999999999996e-08,"[0, 6.180299999999999e-07, 0]","[0, 0, 0]",mortar,"[6.795095236741607e-05, 2.884789502397994e-05, 0.00016351347130912663]",element_62.json,[]
63,"[0.02036324095114338, 0.01990698649171464]",3.4999999999999996e-08,"[0, 6.180299999999999e-07, 0]","[0, 0, 0]",mortar,"[6.743805104765047e-05, 2.920393416966329e-05, 0.0012235033381626252]",element_63.json,[]
64,"[0.020696540816259452, 0.019905849797544124]",3.4999999999999996e-08,"[0, 6.180299999999999e-07, 0]","[0, 0, 0]",mortar,"[6.743666029853838e-05, 2.8796140672084638e-05, 0.0012235033381626233]",element_64.json,[]
65,"[0.022027333520510076, 0.020240596628746305]",3.4999999999999996e-08,"[0, 6.180299999999999e-07, 0]","[0, 0, 0]",mortar,"[6.790072522265326e-05, 2.860251689942374e-05, 0.00022529819552523305]",element_65.json,[]
66,"[0.021362340277230954, 0.019906702603916672]",3.4999999999999996e-08,"[0, 6.180299999999999e-07, 0]","[0, 0, 0]",mortar,"[6.753214401037661e-05, 2.8911074896055295e-05, 0.0009025931542474195]",element_66.json,[]
67,"[0.021695649992484554, 0.019905616709700598]",3.4999999999999996e-08,"[0, 6.180299999999999e-07, 0]","[0, 0, 0]",mortar,"[6.753116388969098e-05, 2.8610231828823234e-05, 0.0009025931542474197]",element_67.json,[]
68,"[0.023026729329792602, 0.02024039602954969]",3.4999999999999996e-08,"[0, 6.180299999999999e-07, 0]","[0, 0, 0]",mortar,"[6.773332398596014e-05, 2.882611303868354e-05, 0.00012869217139940134]",element_68.json,[]
69,"[0.022361480129960688, 0.019907310081997275]",3.4999999999999996e-08,"[0, 6.180299999999999e-07, 0]","[0, 0, 0]",mortar,"[6.769050252093423e-05, 2.8911710440098486e-05, 0.00012860226342934001]",element_69.json,[]
70,"[0.0226947719422101, 0.0199061723132712]",3.4999999999999996e-08,"[0, 6.180299999999999e-07, 0]","[0, 0, 0]",mortar,"[6.769031201017908e-05, 2.8868833355703606e-05, 0.00012869217139940416]",element_70.json,[]
71,"[0.024025895817105323, 0.02023954428675333]",3.4999999999999996e-08,"[0, 6.180299999999999e-07, 0]","[0, 0, 0]",mortar,"[6.88813820135139e-05, 2.8289901491158147e-05, -1.2810030878836432e-05]",element_71.json,[]
72,"[0.02336051964090689, 0.019906484057857464]",3.4999999999999996e-08,"[0, 6.180299999999999e-07, 0]","[0, 0, 0]",mortar,"[6.841680506960594e-05, 2.8989765861163008e-05, 0.0010426691532222099]",element_72.json,[]
73,"[0.02369375816031528, 0.01990514602027541]",3.4999999999999996e-08,"[0, 6.180299999999999e-07, 0]","[0, 0, 0]",mortar,"[6.841540993909474e-05, 2.8642308336671507e-05, 0.00104266915322221]",element_73.json,[]
74,"[0.02502469607094908, 0.0202397153774877]",3.4999999999999996e-08,"[0, 6.180299999999999e-07, 0]","[0, 0, 0]",mortar,"[6.920260542269922e-05, 2.7735346672381243e-05, 0.00020849357569693326]",element_74.json,[]
75,"[0.02435931844367038, 0.019906534373928017]",3.4999999999999996e-08,"[0, 6.180299999999999e-07, 0]","[0, 0, 0]",mortar,"[6.882106314719174e-05, 2.804305690340968e-05, 0.0009304984781254656]",element_75.json,[]
76,"[0.02469263318184445, 0.01990511131891946]",3.4999999999999996e-08,"[0, 6.180299999999999e-07, 0]","[0, 0, 0]",mortar,"[6.881973899667197e-05, 2.773290804680192e-05, 0.0009304984781254662]",element_76.json,[]
77,"[0.02602298847741058, 0.020240609422154093]",3.4999999999999996e-08,"[0, 6.180299999999999e-07, 0]","[0, 0, 0]",mortar,"[6.924905914891953e-05, 2.7569514101225007e-05, -1.4738373282224826e-18]",element_77.json,[]
78,"[0.025358020858619955, 0.019906767608089414]",3.4999999999999996e-08,"[0, 6.180299999999999e-07, 0]","[0, 0, 0]",mortar,"[6.908757810618342e-05, 2.7656449569661877e-05, 0.0003732313891467039]",element_78.json,[]
79,"[0.02569130957894731, 0.019905621425714552]",3.4999999999999996e-08,"[0, 6.180299999999999e-07, 0]","[0, 0, 0]",mortar,"[6.908715031494343e-05, 2.7532055757587163e-05, 0.0003732313891466997]",element_79.json,[]
80,"[0.02702290107340118, 0.020240279615297046]",3.4999999999999996e-08,"[0, 6.180299999999999e-07, 0]","[0, 0, 0]",mortar,"[6.987200211410114e-05, 2.7374005539632157e-05, -3.6816194677298866e-09]",element_80.json,[]
81,"[0.026357348629836474, 0.01990770078003003]",3.4999999999999996e-08,"[0, 6.180299999999999e-07, 0]","[0, 0, 0]",mortar,"[6.949366740904401e-05, 2.7578635064295743e-05, 0.0008769061751555282]",element_81.json,[]
82,"[0.026690668598106475, 0.019906132048074784]",3.4999999999999996e-08,"[0, 6.180299999999999e-07, 0]","[0, 0, 0]",mortar,"[6.949229177830069e-05, 2.7286344724838436e-05, 0.0008769061751555252]",element_82.json,[]
83,"[0.02802172657876751, 0.020240030782317005]",3.4999999999999996e-08,"[0, 6.180299999999999e-07, 0]","[0, 0, 0]",mortar,"[6.972969813539724e-05, 2.721767858575738e-05, 0.0002464383485096844]",element_83.json,[]
84,"[0.02735676907680487, 0.019907375031707652]",3.4999999999999996e-08,"[0, 6.180299999999999e-07, 0]","[0, 0, 0]",mortar,"[6.96477190008493e-05, 2.7381549615919424e-05, 0.000246438350781036]",element_84.json,[]
85,"[0.02768996552988229, 0.019906513323925828]",3.4999999999999996e-08,"[0, 6.180299999999999e-07, 0]","[0, 0, 0]",mortar,"[6.964750664300471e-05, 2.7299437231536927e-05, 0.0002464383507810384]",element_85.json,[]
86,"[0.02902130962754378, 0.020240299598875862]",3.4999999999999996e-08,"[0, 6.180299999999999e-07, 0]","[0, 0, 0]",mortar,"[7.023388902921205e-05, 2.7013956701472943e-05, -1.4536779492385876e-07]",element_86.json,[]
87,"[0.028356061564085478, 0.019907776869791626]",3.4999999999999996e-08,"[0, 6.180299999999999e-07, 0]","[0, 0, 0]",mortar,"[7.004976177583476e-05, 2.7113832983193418e-05, 0.00042649250321194607]",element_87.json,[]
88,"[0.028689320950398858, 0.01990706071789186]",3.4999999999999996e-08,"[0, 6.180299999999999e-07, 0]","[0, 0, 0]",mortar,"[7.004945634243383e-05, 2.6971700360487784e-05, 0.0004264925032119391]",element_88.json,[]
89,"[0.03002071528812603, 0.02024015244720554]",3.4999999999999996e-08,"[0, 6.180299999999999e-07, 0]","[0, 0, 0]",mortar,"[7.057656150957074e-05, 2.683888464919836e-05, 4.265083140052755e-10]",element_89.json,[]
90,"[0.02935527300452087, 0.01990760682756629]",3.4999999999999996e-08,"[0, 6.180299999999999e-07, 0]","[0, 0, 0]",mortar,"[7.03988113751292e-05, 2.6934987251625065e-05, 0.0004120224045189588]",element_90.json,[]
91,"[0.029688544157680553, 0.019906708587291523]",3.4999999999999996e-08,"[0, 6.180299999999999e-07, 0]","[0, 0, 0]",mortar,"[7.03984412800019e-05, 2.679767206622839e-05, 0.0004120224045189583]",element_91.json,[]
92,"[0.0310197706432491, 0.020240109803038024]",3.4999999999999996e-08,"[0, 6.180299999999999e-07, 0]","[0, 0, 0]",mortar,"[7.134724152978907e-05, 2.6454013061068826e-05, -0.000388592082852662]",element_92.json,[]
93,"[0.03035440808365212, 0.019907271758108986]",3.4999999999999996e-08,"[0, 6.180299999999999e-07, 0]","[0, 0, 0]",mortar,"[7.082690401362134e-05, 2.655129827791544e-05, 0.0011196549528363312]",element_93.json,[]
94,"[0.03068772948371423, 0.01990655346538854]",3.4999999999999996e-08,"[0, 6.180299999999999e-07, 0]","[0, 0, 0]",mortar,"[7.080852388545771e-05, 2.617211385482831e-05, 0.0011555267360954715]",element_94.json,[]
95,"[0.0320190214031149, 0.020240338068369546]",3.4999999999999996e-08,"[0, 6.180299999999999e-07, 0]","[0, 0, 0]",mortar,"[7.107824131569224e-05, 2.6181814163956517e-05, -1.695317143483769e-07]",element_95.json,[]
96,"[0.03135367503164111, 0.01990731852622308]",3.4999999999999996e-08,"[0, 6.180299999999999e-07, 0]","[0, 0, 0]",mortar,"[7.082386048508009e-05, 2.6319839511175258e-05, 0.0005886198544675359]",element_96.json,[]
97,"[0.03168694956174943, 0.019906397688340773]",3.4999999999999996e-08,"[0, 6.180299999999999e-07, 0]","[0, 0, 0]",mortar,"[7.082331846161978e-05, 2.612366750576517e-05, 0.0005886198544675407]",element_97.json,[]
98,"[0.0330185214659642, 0.02023996229590183]",3.4999999999999996e-08,"[0, 6.180299999999999e-07, 0]","[0, 0, 0]",mortar,"[7.114093087877765e-05, 2.597860494380825e-05, 0.0002763462286166081]",element_98.json,[]
99,"[0.032353150757717365, 0.019907542690292164]",3.4999999999999996e-08,"[0, 6.180299999999999e-07, 0]","[0, 0, 0]",mortar,"[7.104906797451147e-05, 2.6162477629617587e-05, 0.00027634622854709364]",element_99.json,[]
100,"[0.032686391034148186, 0.019906357714802286]",3.4999999999999996e-08,"[0, 6.180299999999999e-07, 0]","[0, 0, 0]",mortar,"[7.10487405110039e-05, 2.607038793602595e-05, 0.00027634622854709603]",element_100.json,[]
101,"[0.034016793928758705, 0.020240022167174285]",3.4999999999999996e-08,"[0, 6.180299999999999e-07, 0]","[0, 0, 0]",mortar,"[7.18128227712054e-05, 2.5805651275962865e-05, 1.876242222185933e-06]",element_101.json,[]
102,"[0.033351913987633264, 0.01990665491952496]",3.4999999999999996e-08,"[0, 6.180299999999999e-07, 0]","[0, 0, 0]",mortar,"[7.151737448754842e-05, 2.596561111447033e-05, 0.0006839735956096588]",element_102.json,[]
103,"[0.033685193821144835, 0.019906138429938217]",3.4999999999999996e-08,"[0, 6.180299999999999e-07, 0]","[0, 0, 0]",mortar,"[7.151702122227815e-05, 2.5737656508404522e-05, 0.0006839735956096583]",element_103.json,[]
104,"[0.03501682682894841, 0.02023992486712389]",3.4999999999999996e-08,"[0, 6.180299999999999e-07, 0]","[0, 0, 0]",mortar,"[7.173671512982169e-05, 2.565298460984469e-05, 0.00030661346675543884]",element_104.json,[]
105,"[0.03435146886892702, 0.01990769492369106]",3.4999999999999996e-08,"[0, 6.180299999999999e-07, 0]","[0, 0, 0]",mortar,"[7.163484895510577e-05, 2.5856992320600193e-05, 0.00030661346675542496]",element_105.json,[]
106,"[0.03468474219199992, 0.019906842589932812]",3.4999999999999996e-08,"[0, 6.180299999999999e-07, 0]","[0, 0, 0]",mortar,"[7.163458761809733e-05, 2.5754806231635694e-05, 0.0003066134667554458]",element_106.json,[]
107,"[0.03601585971971115, 0.020239925789147784]",3.4999999999999996e-08,"[0, 6.180299999999999e-07, 0]","[0, 0, 0]",mortar,"[7.209346272524042e-05, 2.5396730423300947e-05, 0.00021539201798891254]",element_107.json,[]
108,"[0.03535059233353876, 0.019907170160467644]",3.4999999999999996e-08,"[0, 6.180299999999999e-07, 0]","[0, 0, 0]",mortar,"[7.198239671112905e-05, 2.556140148733283e-05, 0.00030661346679013764]",element_108.json,[]
109,"[0.03568389454909369, 0.019906364535120097]",3.4999999999999996e-08,"[0, 6.180299999999999e-07, 0]","[0, 0, 0]",mortar,"[7.19821496955483e-05, 2.5459206539532694e-05, 0.0003066134667901394]",element_109.json,[]
110,"[0.03701469405790815, 0.0202398496342742]",3.4999999999999996e-08,"[0, 6.180299999999999e-07, 0]","[0, 0, 0]",mortar,"[7.255748437254853e-05, 2.525505539250121e-05, -8.023096076392733e-18]",element_110.json,[]
111,"[0.0363498986313844, 0.019907134186442996]",3.4999999999999996e-08,"[0, 6.180299999999999e-07, 0]","[0, 0, 0]",mortar,"[7.230072838386346e-05, 2.5393412193481647e-05, 0.0005948512082381941]",element_111.json,[]
112,"[0.036683063364962326, 0.01990647364200905]",3.4999999999999996e-08,"[0, 6.180299999999999e-07, 0]","[0, 0, 0]",mortar,"[7.230033545820883e-05, 2.5195228749170463e-05, 0.0005948512082381933]",element_112.json,[]
113,"[0.03801429654569085, 0.020240004138223466]",3.4999999999999996e-08,"[0, 6.180299999999999e-07, 0]","[0, 0, 0]",mortar,"[7.267830445464423e-05, 2.502329145811852e-05, -1.5468515375195203e-05]",element_113.json,[]
114,"[0.03734889090782144, 0.01990747083671109]",3.4999999999999996e-08,"[0, 6.180299999999999e-07, 0]","[0, 0, 0]",mortar,"[7.247270433772059e-05, 2.5127450460447787e-05, 0.00047280400014690447]",element_114.json,[]
115,"[0.03768222087922284, 0.019906297745114005]",3.4999999999999996e-08,"[0, 6.180299999999999e-07, 0]","[0, 0, 0]",mortar,"[7.247214969531885e-05, 2.4969850716007436e-05, 0.00047280400014690447]",element_115.json,[]
116,"[0.039012910720149514, 0.020239799122072445]",3.4999999999999996e-08,"[0, 6.180299999999999e-07, 0]","[0, 0, 0]",mortar,"[7.28499517658463e-05, 2.4811850933066797e-05, 0.00023180625641879568]",element_116.json,[]
117,"[0.03834782179541568, 0.019907063565508306]",3.4999999999999996e-08,"[0, 6.180299999999999e-07, 0]","[0, 0, 0]",mortar,"[7.277282158116188e-05, 2.4966022708852012e-05, 0.00023180626264383158]",element_117.json,[]
118,"[0.0386810812007779, 0.01990642454783857]",3.4999999999999996e-08,"[0, 6.180299999999999e-07, 0]","[0, 0, 0]",mortar,"[7.277267345286627e-05, 2.488877109252773e-05, 0.00023180626262511234]",element_118.json,[]
119,"[0.0400125990537034, 0.020239821169682603]",3.4999999999999996e-08,"[0, 6.180299999999999e-07, 0]","[0, 0, 0]",mortar,"[7.336010338254293e-05, 2.4553633137802416e-05, 8.129001664579122e-19]",element_119.json,[]
120,"[0.039347203040271686, 0.019907477546640576]",3.4999999999999996e-08,"[0, 6.180299999999999e-07, 0]","[0, 0, 0]",mortar,"[7.314013422684544e-05, 2.4673047613044437e-05, 0.000509726112638139]",element_120.json,[]
121,"[0.039680476419644985, 0.019906674602760976]",3.4999999999999996e-08,"[0, 6.180299999999999e-07, 0]","[0, 0, 0]",mortar,"[7.313972494538303e-05, 2.4503169468736996e-05, 0.0005097261126381377]",element_121.json,[]
122,"[0.04101132611909323, 0.020239632744067496]",3.4999999999999996e-08,"[0, 6.180299999999999e-07, 0]","[0, 0, 0]",mortar,"[7.358168629892413e-05, 2.4348014129931828e-05, -9.107298248878237e-18]",element_122.json,[]
123,"[0.04034597116095004, 0.019906889107184956]",3.4999999999999996e-08,"[0, 6.180299999999999e-07, 0]","[0, 0, 0]",mortar,"[7.340229133877461e-05, 2.444548738831093e-05, 0.00041543101559864674]",element_123.json,[]
124,"[0.040679272578406776, 0.019906093216564807]",3.4999999999999996e-08,"[0, 6.180299999999999e-07, 0]","[0, 0, 0]",mortar,"[7.340196070112598e-05, 2.430702364175521e-05, 0.00041543101559865373]",element_124.json,[]
125,"[0.04200944400281613, 0.02023936857495169]",3.4999999999999996e-08,"[0, 6.180299999999999e-07, 0]","[0, 0, 0]",mortar,"[7.464080173035295e-05, 2.3486277630243124e-05, -4.3912439972785644e-05]",element_125.json,[]
126,"[0.04134483081962839, 0.01990678678107366]",3.4999999999999996e-08,"[0, 6.180299999999999e-07, 0]","[0, 0, 0]",mortar,"[7.375814809570591e-05, 2.394040264539797e-05, 0.002033658146162306]",element_126.json,[]
127,"[0.04167814289047878, 0.019906005130514524]",3.4999999999999996e-08,"[0, 6.180299999999999e-07, 0]","[0, 0, 0]",mortar,"[7.375655848567888e-05, 2.3262559837101097e-05, 0.002033658146162327]",element_127.json,[]
128,"[0.04300722157828296, 0.020239145064208413]",3.4999999999999996e-08,"[0, 6.180299999999999e-07, 0]","[0, 0, 0]",mortar,"[7.42021932572504e-05, 2.212895548893598e-05, 0.0027342288759265873]",element_128.json,[]
129,"[0.04234353909841612, 0.019905627110774086]",3.4999999999999996e-08,"[0, 6.180299999999999e-07, 0]","[0, 0, 0]",mortar,"[7.32902788383407e-05, 2.3943615289828935e-05, 0.0027342288759026213]",element_129.json,[]
130,"[0.042676869860102, 0.01990471903514981]",3.4999999999999996e-08,"[0, 6.180299999999999e-07, 0]","[0, 0, 0]",mortar,"[7.32877959517473e-05, 2.303221269600078e-05, 0.0027342288759026213]",element_130.json,[]
131,"[0.044029057786473404, 0.02026411450118891]",3.4999999999999996e-08,"[0, 6.180299999999999e-07, 0]","[0, 0, 0]",mortar,"[4.91929721240067e-05, 1.9479171687917885e-05, -4.891464837342152e-13]",element_131.json,[]
132,"[0.04334404220397512, 0.01990667839998023]",3.4999999999999996e-08,"[0, 6.180299999999999e-07, 0]","[0, 0, 0]",mortar,"[7.228974831655146e-05, 2.1644267665754912e-05, 0.004415709430853938]",element_132.json,[]
133,"[0.043698730427570366, 0.019921825991826292]",3.4999999999999996e-08,"[0, 6.180299999999999e-07, 0]","[0, 0, 0]",mortar,"[5.09919635568198e-05, 2.0078067531812566e-05, 0.004415709430853952]",element_133.json,[]
134,"[0.045033433536683924, 0.020264532035139424]",3.4999999999999996e-08,"[0, 6.180299999999999e-07, 0]","[0, 0, 0]",mortar,"[4.861119560961585e-05, 1.9805591611184315e-05, 0.00038138301927366237]",element_134.json,[]
135,"[0.04437185580030732, 0.019934814248730316]",3.4999999999999996e-08,"[0, 6.180299999999999e-07, 0]","[0, 0, 0]",mortar,"[4.848544684472294e-05, 2.00579061257715e-05, 0.00038138301927707603]",element_135.json,[]
136,"[0.044705158818341965, 0.019926182268612067]",3.4999999999999996e-08,"[0, 6.180299999999999e-07, 0]","[0, 0, 0]",mortar,"[4.8482154754083064e-05, 1.993079001441929e-05, 0.0003813830192770899]",element_136.json,[]
137,"[0.04614688086646558, 0.02026769987959363]",3.4999999999999996e-08,"[0, 6.180299999999999e-07, 0]","[0, 0, 0]",mortar,"[-7.302267579157248e-06, 5.799152765559524e-05, -0.0049514519697809786]",element_137.json,[]
138,"[0.045404980453207254, 0.019941561733102027]",3.4999999999999996e-08,"[0, 6.180299999999999e-07, 0]","[0, 0, 0]",mortar,"[3.7076775017426146e-05, 3.057119977111076e-05, 0.016259716812677776]",element_138.json,[]
139,"[0.04581791796280091, 0.019924133663355655]",3.4999999999999996e-08,"[0, 6.180299999999999e-07, 0]","[0, 0, 0]",mortar,"[-5.706046133619694e-06, 6.342524231199222e-05, 0.016277579467581727]",element_139.json,[]
140,"[0.04716305196580575, 0.02030052018938695]",3.4999999999999996e-08,"[0, 6.180299999999999e-07, 0]","[0, 0, 0]",mortar,"[0.00010394523166216639, -6.489522303214605e-05, -1.1752170002715175e-06]",element_140.json,[]
141,"[0.04650210505170185, 0.019941831565180045]",3.4999999999999996e-08,"[0, 6.180299999999999e-07, 0]","[0, 0, 0]",mortar,"[-1.3676436405348478e-05, 6.602334195571006e-05, 2.537201722152534e-05]",element_141.json,[]
142,"[0.0468407439804767, 0.019956030635516795]",3.4999999999999996e-08,"[0, 6.180299999999999e-07, 0]","[0, 0, 0]",mortar,"[0.00010400773058380596, -6.482496952233741e-05, 2.5372017214510627e-05]",element_142.json,[]
143,"[0.04817211486060632, 0.020300470182026395]",3.4999999999999996e-08,"[0, 6.180299999999999e-07, 0]","[0, 0, 0]",mortar,"[0.00010355308481371271, -6.456657343352623e-05, 6.648585245494774e-19]",element_143.json,[]
144,"[0.047506195289784954, 0.01997576594898594]",3.4999999999999996e-08,"[0, 6.180299999999999e-07, 0]","[0, 0, 0]",mortar,"[0.00010342746021041753, -6.449726884136798e-05, 0.0002964928182166555]",element_144.json,[]
145,"[0.04783929554606387, 0.019966977537477854]",3.4999999999999996e-08,"[0, 6.180299999999999e-07, 0]","[0, 0, 0]",mortar,"[0.00010342485390632403, -6.459603131950983e-05, 0.0002964928182678533]",element_145.json,[]
146,"[0.04916964143101486, 0.02029827688741083]",3.4999999999999996e-08,"[0, 6.180299999999999e-07, 0]","[0, 0, 0]",mortar,"[0.0001033612865906934, -6.352019572433972e-05, -4.452484185891453e-18]",element_146.json,[]
147,"[0.04850609116467508, 0.01996816794519629]",3.4999999999999996e-08,"[0, 6.180299999999999e-07, 0]","[0, 0, 0]",mortar,"[0.00010339402316073802, -6.483855735895108e-05, 0.001294340767067384]",element_147.json,[]
148,"[0.04883933156494781, 0.01996163228433715]",3.4999999999999996e-08,"[0, 6.180299999999999e-07, 0]","[0, 0, 0]",mortar,"[0.00010338556378809726, -6.526988401226057e-05, 0.0012943407670211987]",element_148.json,[]
149,"[0.05017021988059906, 0.02029739575217003]",3.4999999999999996e-08,"[0, 6.180299999999999e-07, 0]","[0, 0, 0]",mortar,"[0.0001029409899798967, -6.12144940730803e-05, 6.560080590565568e-18]",element_149.json,[]
150,"[0.049507786308217026, 0.019968275746534207]",3.4999999999999996e-08,"[0, 6.180299999999999e-07, 0]","[0, 0, 0]",mortar,"[0.00010288338831756824, -6.330341958536871e-05, 0.0007858093716889534]",element_150.json,[]
151,"[0.049840684332051716, 0.01996013914894315]",3.4999999999999996e-08,"[0, 6.180299999999999e-07, 0]","[0, 0, 0]",mortar,"[0.00010287699450213019, -6.356501400494803e-05, 0.0007858093716871771]",element_151.json,[]
152,"[0.05117530125856239, 0.020300081678071562]",3.4999999999999996e-08,"[0, 6.180299999999999e-07, 0]","[0, 0, 0]",mortar,"[0.00010048632355226132, -6.130114671619213e-05, 7.70008441026659e-05]",element_152.json,[]
153,"[0.05051006794945296, 0.01996994761636679]",3.4999999999999996e-08,"[0, 6.180299999999999e-07, 0]","[0, 0, 0]",mortar,"[0.00010258398462508678, -6.108960544609304e-05, 0.0006964721686905288]",element_153.json,[]
154,"[0.050845774225225286, 0.019962913898534433]",3.4999999999999996e-08,"[0, 6.180299999999999e-07, 0]","[0, 0, 0]",mortar,"[0.00010020621005920309, -6.132341593461053e-05, 0.0006964742891738733]",element_154.json,[]
155,"[0.05218032359125101, 0.020300137346705514]",3.4999999999999996e-08,"[0, 6.180299999999999e-07, 0]","[0, 0, 0]",mortar,"[0.00010003813922379591, -6.083989450834802e-05, -3.533327043620004e-09]",element_155.json,[]
156,"[0.05151497301527327, 0.01997163472438461]",3.4999999999999996e-08,"[0, 6.180299999999999e-07, 0]","[0, 0, 0]",mortar,"[9.980218151150306e-05, -6.0788944655153195e-05, 0.0004369170571716941]",element_156.json,[]
157,"[0.051848347171739924, 0.019966266648564476]",3.4999999999999996e-08,"[0, 6.180299999999999e-07, 0]","[0, 0, 0]",mortar,"[9.974654526776805e-05, -6.090742846977345e-05, 0.0006738401794277256]",element_157.json,[]
158,"[0.0531796038852735, 0.020299566380779354]",3.4999999999999996e-08,"[0, 6.180299999999999e-07, 0]","[0, 0, 0]",mortar,"[9.995247082624288e-05, -6.054692713461108e-05, -1.7670999668430404e-05]",element_158.json,[]
159,"[0.05251462439553857, 0.019967333249859727]",3.4999999999999996e-08,"[0, 6.180299999999999e-07, 0]","[0, 0, 0]",mortar,"[9.973114105483801e-05, -6.070933617069433e-05, 0.0005286279830899784]",element_159.json,[]
160,"[0.052847918550641255, 0.0199667733068001]",3.4999999999999996e-08,"[0, 6.180299999999999e-07, 0]","[0, 0, 0]",mortar,"[9.973084505326767e-05, -6.088552478763481e-05, 0.0005286279830970838]",element_160.json,[]
161,"[0.054178343210674336, 0.020299565055579623]",3.4999999999999996e-08,"[0, 6.180299999999999e-07, 0]","[0, 0, 0]",mortar,"[0.00010009686049216142, -6.0609712902805055e-05, -9.057571300838024e-05]",element_161.json,[]
162,"[0.05351335238002389, 0.019966703796568366]",3.4999999999999996e-08,"[0, 6.180299999999999e-07, 0]","[0, 0, 0]",mortar,"[9.98167306313184e-05, -6.049530672159352e-05, 0.00026935204794353694]",element_162.json,[]
163,"[0.053846625738965044, 0.01996608869392077]",3.4999999999999996e-08,"[0, 6.180299999999999e-07, 0]","[0, 0, 0]",mortar,"[9.98164544978747e-05, -6.0837435802268046e-05, 0.0006360373432169141]",element_163.json,[]
164,"[0.05517714480856883, 0.020299555499327597]",3.4999999999999996e-08,"[0, 6.180299999999999e-07, 0]","[0, 0, 0]",mortar,"[0.00010016733888011579, -6.057849344009326e-05, -7.056739886709864e-05]",element_164.json,[]
165,"[0.05451228495269962, 0.01996662141454734]",3.4999999999999996e-08,"[0, 6.180299999999999e-07, 0]","[0, 0, 0]",mortar,"[9.98781193439384e-05, -6.04574787786146e-05, 0.0006531298956872409]",element_165.json,[]
166,"[0.054845571574478544, 0.019966059782060067]",3.4999999999999996e-08,"[0, 6.180299999999999e-07, 0]","[0, 0, 0]",mortar,"[9.987775252373977e-05, -6.0675159414887504e-05, 0.0006531298956872376]",element_166.json,[]
167,"[0.05617601021109122, 0.020299561895809632]",3.4999999999999996e-08,"[0, 6.180299999999999e-07, 0]","[0, 0, 0]",mortar,"[0.00010012289574671317, -6.0590408215917525e-05, 2.1664634403696806e-05]",element_167.json,[]
168,"[0.05551115408853674, 0.01996676397049867]",3.4999999999999996e-08,"[0, 6.180299999999999e-07, 0]","[0, 0, 0]",mortar,"[9.990646371631943e-05, -6.0463232321054505e-05, 0.0005060732996900896]",element_168.json,[]
169,"[0.05584447367748736, 0.01996605212682607]",3.4999999999999996e-08,"[0, 6.180299999999999e-07, 0]","[0, 0, 0]",mortar,"[9.990605538694732e-05, -6.0631932784213635e-05, 0.0005061713725391986]",element_169.json,[]
170,"[0.05717481689200171, 0.02029954764691156]",3.4999999999999996e-08,"[0, 6.180299999999999e-07, 0]","[0, 0, 0]",mortar,"[0.00010019141611639762, -6.063520635431354e-05, 4.607140237045107e-06]",element_170.json,[]
171,"[0.05651009341992092, 0.019966914020688186]",3.4999999999999996e-08,"[0, 6.180299999999999e-07, 0]","[0, 0, 0]",mortar,"[9.998614281351061e-05, -6.052245327746974e-05, 0.0004764236984801602]",element_171.json,[]
172,"[0.05684328825360021, 0.01996647168385373]",3.4999999999999996e-08,"[0, 6.180299999999999e-07, 0]","[0, 0, 0]",mortar,"[9.998590323593934e-05, -6.0681205011262385e-05, 0.00047648262258765913]",element_172.json,[]
173,"[0.0581736454795917, 0.020299446732967994]",3.4999999999999996e-08,"[0, 6.180299999999999e-07, 0]","[0, 0, 0]",mortar,"[0.0001001244379613844, -6.082949741685075e-05, 0.00022849665080458765]",element_173.json,[]
174,"[0.05750892386671691, 0.019967120240631075]",3.4999999999999996e-08,"[0, 6.180299999999999e-07, 0]","[0, 0, 0]",mortar,"[0.0001000484458510899, -6.0626970285932836e-05, 8.586608980582629e-05]",element_174.json,[]
175,"[0.057842175543281374, 0.019966342036133393]",3.4999999999999996e-08,"[0, 6.180299999999999e-07, 0]","[0, 0, 0]",mortar,"[0.00010004832465379333, -6.0753757646655835e-05, 0.00022849665080457892]",element_175.json,[]
176,"[0.05917284369311246, 0.02029916171940317]",3.4999999999999996e-08,"[0, 6.180299999999999e-07, 0]","[0, 0, 0]",mortar,"[0.00010039135861019789, -6.11163922080198e-05, 0.00042084175990264177]",element_176.json,[]
177,"[0.05850787046558463, 0.019966721309056124]",3.4999999999999996e-08,"[0, 6.180299999999999e-07, 0]","[0, 0, 0]",mortar,"[0.0001002514538021427, -6.083654370441119e-05, 0.0004208417599026348]",element_177.json,[]
178,"[0.05884116807757813, 0.019966040084092657]",3.4999999999999996e-08,"[0, 6.180299999999999e-07, 0]","[0, 0, 0]",mortar,"[0.00010025116711493216, -6.097680925826152e-05, 0.0004208417599026343]",element_178.json,[]
179,"[0.06017127659680345, 0.02029898369870337]",3.4999999999999996e-08,"[0, 6.180299999999999e-07, 0]","[0, 0, 0]",mortar,"[0.00010067654219892756, -6.168380987525417e-05, 0.0007627308383354476]",element_179.json,[]
180,"[0.059506430253152755, 0.01996683324162134]",3.4999999999999996e-08,"[0, 6.180299999999999e-07, 0]","[0, 0, 0]",mortar,"[0.0001003948267157455, -6.11613102673695e-05, 0.0008284721474073496]",element_180.json,[]
181,"[0.05983969628506594, 0.019966248564844163]",3.4999999999999996e-08,"[0, 6.180299999999999e-07, 0]","[0, 0, 0]",mortar,"[0.00010039434232732756, -6.143741188838947e-05, 0.0008284721474073366]",element_181.json,[]
182,"[0.06116947841908071, 0.020298286367227938]",3.4999999999999996e-08,"[0, 6.180299999999999e-07, 0]","[0, 0, 0]",mortar,"[0.00010062658306460423, -6.085968557988062e-05, 0.0007649471402656552]",element_182.json,[]
183,"[0.06050480015251756, 0.019966388522387992]",3.4999999999999996e-08,"[0, 6.180299999999999e-07, 0]","[0, 0, 0]",mortar,"[0.00010042176896940902, -6.193784537505926e-05, 0.0007649471402656503]",element_183.json,[]
184,"[0.06083799143256218, 0.01996598842918488]",3.4999999999999996e-08,"[0, 6.180299999999999e-07, 0]","[0, 0, 0]",mortar,"[0.000100421462919257, -6.219271909224205e-05, 0.0007649471402656552]",element_184.json,[]
185,"[0.06216862192625004, 0.02030051140760437]",3.4999999999999996e-08,"[0, 6.180299999999999e-07, 0]","[0, 0, 0]",mortar,"[0.00010021770769552145, -6.152223826369884e-05, 0.00011399212503978442]",element_185.json,[]
186,"[0.06150489865208052, 0.019965923733770357]",3.4999999999999996e-08,"[0, 6.180299999999999e-07, 0]","[0, 0, 0]",mortar,"[0.00010048984847162195, -6.098746743672297e-05, 0.0007254372167665938]",element_186.json,[]
187,"[0.06183848929792786, 0.019963615831664318]",3.4999999999999996e-08,"[0, 6.180299999999999e-07, 0]","[0, 0, 0]",mortar,"[0.00010023040737906576, -6.122946650638468e-05, 0.0007254372167595301]",element_187.json,[]
188,"[0.0631718310840146, 0.020300487946847426]",3.4999999999999996e-08,"[0, 6.180299999999999e-07, 0]","[0, 0, 0]",mortar,"[9.984673158513079e-05, -6.102165099319016e-05, -0.00025297215987290253]",element_188.json,[]
189,"[0.06250674305089772, 0.019971057341759017]",3.4999999999999996e-08,"[0, 6.180299999999999e-07, 0]","[0, 0, 0]",mortar,"[9.993006835682825e-05, -6.118989974943335e-05, -0.0002529721598728958]",element_189.json,[]
190,"[0.06283999814017734, 0.01996626309727258]",3.4999999999999996e-08,"[0, 6.180299999999999e-07, 0]","[0, 0, 0]",mortar,"[9.993128116721094e-05, -6.110559548970966e-05, -0.00025297215987289456]",element_190.json,[]
191,"[0.06417212997331194, 0.020299141280515888]",3.4999999999999996e-08,"[0, 6.180299999999999e-07, 0]","[0, 0, 0]",mortar,"[9.74218107322734e-05, -5.8357339640492235e-05, 0.000791946922741017]",element_191.json,[]
192,"[0.06350662889252358, 0.019967028058580635]",3.4999999999999996e-08,"[0, 6.180299999999999e-07, 0]","[0, 0, 0]",mortar,"[9.906124487831353e-05, -6.0216396864591775e-05, 0.0001927106204881443]",element_192.json,[]
193,"[0.063841763760027, 0.019962873893004624]",3.4999999999999996e-08,"[0, 6.180299999999999e-07, 0]","[0, 0, 0]",mortar,"[9.725897632682524e-05, -6.028098091285558e-05, 0.00019271062048814268]",element_193.json,[]
194,"[0.0651761442370725, 0.020302278303805342]",3.4999999999999996e-08,"[0, 6.180299999999999e-07, 0]","[0, 0, 0]",mortar,"[9.378929854324341e-05, -5.709697679336869e-05, -6.362539152491588e-05]",element_194.json,[]
195,"[0.06451357888799136, 0.01996682077763176]",3.4999999999999996e-08,"[0, 6.180299999999999e-07, 0]","[0, 0, 0]",mortar,"[9.393831651240501e-05, -5.602756238277495e-05, 0.0026135143572212044]",element_195.json,[]
196,"[0.06484697538580107, 0.01996394111813362]",3.4999999999999996e-08,"[0, 6.180299999999999e-07, 0]","[0, 0, 0]",mortar,"[9.38647381298419e-05, -5.689889898236655e-05, 0.0026135147479004702]",element_196.json,[]
197,"[0.06617505958543587, 0.020302168740191986]",3.4999999999999996e-08,"[0, 6.180299999999999e-07, 0]","[0, 0, 0]",mortar,"[9.376680792528159e-05, -5.705420127204878e-05, 6.835881108386188e-05]",element_197.json,[]
198,"[0.06551025368109312, 0.019969858397659378]",3.4999999999999996e-08,"[0, 6.180299999999999e-07, 0]","[0, 0, 0]",mortar,"[9.374551451108867e-05, -5.70547638651443e-05, 6.835881092116091e-05]",element_198.json,[]
199,"[0.0658435171001203, 0.019969481344986315]",3.4999999999999996e-08,"[0, 6.180299999999999e-07, 0]","[0, 0, 0]",mortar,"[9.374548873637749e-05, -5.70775453554721e-05, 6.835881092115962e-05]",element_199.json,[]
200,"[0.06717400002499918, 0.020302116535405396]",3.4999999999999996e-08,"[0, 6.180299999999999e-07, 0]","[0, 0, 0]",mortar,"[9.392259972678105e-05, -5.7118477211045797e-05, 3.222422328974517e-14]",element_200.json,[]
201,"[0.06650919518720035, 0.019969821143349425]",3.4999999999999996e-08,"[0, 6.180299999999999e-07, 0]","[0, 0, 0]",mortar,"[9.384859493902539e-05, -5.705615716126203e-05, 0.00016980861992012782]",element_201.json,[]
202,"[0.06684246522824627, 0.019969423197080758]",3.4999999999999996e-08,"[0, 6.180299999999999e-07, 0]","[0, 0, 0]",mortar,"[9.384852736500374e-05, -5.7112749286263994e-05, 0.0001698086215741572]",element_202.json,[]
203,"[0.06817275895808385, 0.020302172905975618]",3.4999999999999996e-08,"[0, 6.180299999999999e-07, 0]","[0, 0, 0]",mortar,"[9.393674984187487e-05, -5.714009290404632e-05, -6.745291684545939e-08]",element_203.json,[]
204,"[0.06750804896317873, 0.019969752938239715]",3.4999999999999996e-08,"[0, 6.180299999999999e-07, 0]","[0, 0, 0]",mortar,"[9.388551855671e-05, -5.7099138717529315e-05, 0.00011765468962138259]",element_204.json,[]
205,"[0.06784128198416053, 0.019969517441489865]",3.4999999999999996e-08,"[0, 6.180299999999999e-07, 0]","[0, 0, 0]",mortar,"[9.388549084942182e-05, -5.713834514518178e-05, 0.00011765468962210424]",element_205.json,[]
206,"[0.06917146834913473, 0.020301970367527473]",3.4999999999999996e-08,"[0, 6.180299999999999e-07, 0]","[0, 0, 0]",mortar,"[9.398758502291904e-05, -5.7267555182466574e-05, 6.522964401715278e-05]",element_206.json,[]
207,"[0.06850675387189685, 0.019969761343742825]",3.4999999999999996e-08,"[0, 6.180299999999999e-07, 0]","[0, 0, 0]",mortar,"[9.396283785164994e-05, -5.712684735725524e-05, 7.115569669658549e-05]",element_207.json,[]
208,"[0.06884004558853744, 0.019969352951639832]",3.4999999999999996e-08,"[0, 6.180299999999999e-07, 0]","[0, 0, 0]",mortar,"[9.396281264993795e-05, -5.7146483873704815e-05, 6.522964531560421e-05]",element_208.json,[]
209,"[0.07016997405176814, 0.02030210173080237]",3.4999999999999996e-08,"[0, 6.180299999999999e-07, 0]","[0, 0, 0]",mortar,"[9.400921555447188e-05, -5.725221930030156e-05, -9.605597691843257e-18]",element_209.json,[]
210,"[0.06950564456102866, 0.019969589802073324]",3.4999999999999996e-08,"[0, 6.180299999999999e-07, 0]","[0, 0, 0]",mortar,"[9.40092155544719e-05, -5.7252219300301565e-05, -8.258963215942202e-18]",element_210.json,[]
211,"[0.06983893949693312, 0.019969498072927017]",3.4999999999999996e-08,"[0, 6.180299999999999e-07, 0]","[0, 0, 0]",mortar,"[9.40092155544719e-05, -5.7252219300301565e-05, -3.602007142909818e-18]",element_211.json,[]
212,"[0.07116909536466233, 0.020301669167391095]",3.4999999999999996e-08,"[0, 6.180299999999999e-07, 0]","[0, 0, 0]",mortar,"[9.439998336406822e-05, -5.713743209616025e-05, -0.00031839848396983134]",element_212.json,[]
213,"[0.07050461058792262, 0.0199697194541715]",3.4999999999999996e-08,"[0, 6.180299999999999e-07, 0]","[0, 0, 0]",mortar,"[9.40288893375452e-05, -5.7089303530353055e-05, 0.0007851305702059446]",element_213.json,[]
214,"[0.07083788083829287, 0.019969753427385363]",3.4999999999999996e-08,"[0, 6.180299999999999e-07, 0]","[0, 0, 0]",mortar,"[9.402891601095401e-05, -5.735096419205891e-05, 0.0007851305702059516]",element_214.json,[]
215,"[0.07216845625502787, 0.020302328279938903]",3.4999999999999996e-08,"[0, 6.180299999999999e-07, 0]","[0, 0, 0]",mortar,"[9.39585263965892e-05, -5.820514912371939e-05, 0.0007277605935519496]",element_215.json,[]
216,"[0.07150447674407077, 0.019970351821948416]",3.4999999999999996e-08,"[0, 6.180299999999999e-07, 0]","[0, 0, 0]",mortar,"[9.371912820999982e-05, -5.708849836392409e-05, 0.0022201010918315085]",element_216.json,[]
217,"[0.07183773209628669, 0.019966874389689488]",3.4999999999999996e-08,"[0, 6.180299999999999e-07, 0]","[0, 0, 0]",mortar,"[9.371140795884501e-05, -5.782835893523734e-05, 0.002220101091831503]",element_217.json,[]
218,"[0.07316924775851695, 0.02031158212068033]",3.4999999999999996e-08,"[0, 6.180299999999999e-07, 0]","[0, 0, 0]",mortar,"[8.77033560848747e-05, -6.0371473918430895e-05, -0.0020351951969171185]",element_218.json,[]
219,"[0.07251288165082617, 0.019976074505657315]",3.4999999999999996e-08,"[0, 6.180299999999999e-07, 0]","[0, 0, 0]",mortar,"[9.204081795746079e-05, -5.7761901274517364e-05, 0.003651663941837651]",element_219.json,[]
220,"[0.07284965118870852, 0.019962283627312383]",3.4999999999999996e-08,"[0, 6.180299999999999e-07, 0]","[0, 0, 0]",mortar,"[8.853989649837596e-05, -5.899167045297115e-05, 0.003651663943147907]",element_220.json,[]
221,"[0.0741787368309478, 0.020311630322471033]",3.4999999999999996e-08,"[0, 6.180299999999999e-07, 0]","[0, 0, 0]",mortar,"[8.624743761866608e-05, -5.984492903240974e-05, 0.00038855024819350566]",element_221.json,[]
222,"[0.07352346271228428, 0.019995187730726248]",3.4999999999999996e-08,"[0, 6.180299999999999e-07, 0]","[0, 0, 0]",mortar,"[8.625206987225802e-05, -5.862239923432491e-05, 0.001141005366456907]",element_222.json,[]
223,"[0.07385621086857633, 0.019966920168311766]",3.4999999999999996e-08,"[0, 6.180299999999999e-07, 0]","[0, 0, 0]",mortar,"[8.62198164314573e-05, -5.9002066666450215e-05, 0.0011410053672281841]",element_223.json,[]
224,"[0.07519500747327375, 0.020310830992776915]",3.4999999999999996e-08,"[0, 6.180299999999999e-07, 0]","[0, 0, 0]",mortar,"[8.636165795321893e-05, -6.0826849774439926e-05, 0.0010796315324879417]",element_224.json,[]
225,"[0.07453123511946322, 0.01999732517202633]",3.4999999999999996e-08,"[0, 6.180299999999999e-07, 0]","[0, 0, 0]",mortar,"[8.602318718351809e-05, -6.011022021087235e-05, 0.0010796315324879033]",element_225.json,[]
226,"[0.07486421633466005, 0.019976438538432742]",3.4999999999999996e-08,"[0, 6.180299999999999e-07, 0]","[0, 0, 0]",mortar,"[8.600063731528292e-05, -6.046971723052499e-05, 0.0010796315324879033]",element_226.json,[]
227,"[0.07619455991681764, 0.020310497737661196]",3.4999999999999996e-08,"[0, 6.180299999999999e-07, 0]","[0, 0, 0]",mortar,"[8.52181368400152e-05, -5.97132627704663e-05, 0.0003151954568040432]",element_227.json,[]
228,"[0.07553602867074322, 0.019984825871507163]",3.4999999999999996e-08,"[0, 6.180299999999999e-07, 0]","[0, 0, 0]",mortar,"[8.576067708141992e-05, -6.131294459579096e-05, 0.0019284237542722795]",element_228.json,[]
229,"[0.07586897774055469, 0.01996782488292574]",3.4999999999999996e-08,"[0, 6.180299999999999e-07, 0]","[0, 0, 0]",mortar,"[8.572789197119339e-05, -6.195501149097828e-05, 0.0019284237542722708]",element_229.json,[]
230,"[0.07720726616612736, 0.020311529600707735]",3.4999999999999996e-08,"[0, 6.180299999999999e-07, 0]","[0, 0, 0]",mortar,"[8.58105967065765e-05, -5.9517756804556855e-05, -6.988868847795232e-18]",element_230.json,[]
231,"[0.0765456856999276, 0.019991853060525006]",3.4999999999999996e-08,"[0, 6.180299999999999e-07, 0]","[0, 0, 0]",mortar,"[8.478213340219764e-05, -5.895787581587012e-05, 0.002453605206169736]",element_231.json,[]
232,"[0.07687865863729719, 0.019973597223079124]",3.4999999999999996e-08,"[0, 6.180299999999999e-07, 0]","[0, 0, 0]",mortar,"[8.47373407848936e-05, -5.9774859947985936e-05, 0.002453605206169743]",element_232.json,[]
233,"[0.0782014044329716, 0.02031196430894745]",3.4999999999999996e-08,"[0, 6.180299999999999e-07, 0]","[0, 0, 0]",mortar,"[8.412019644729473e-05, -6.170514534385656e-05, 0.003121320445845136]",element_233.json,[]
234,"[0.07754906894066084, 0.01998355833588889]",3.4999999999999996e-08,"[0, 6.180299999999999e-07, 0]","[0, 0, 0]",mortar,"[8.347664746879793e-05, -5.8616666280203796e-05, 0.004164367250157416]",element_234.json,[]
235,"[0.07788209494783795, 0.019962977880629652]",3.4999999999999996e-08,"[0, 6.180299999999999e-07, 0]","[0, 0, 0]",mortar,"[8.339094289492303e-05, -6.000350887794284e-05, 0.004164367250157418]",element_235.json,[]
236,"[0.07922480577113063, 0.020327185473925882]",3.4999999999999996e-08,"[0, 6.180299999999999e-07, 0]","[0, 0, 0]",mortar,"[7.798723844920783e-05, -6.695583742308443e-05, -0.00130520899615555]",element_236.json,[]
237,"[0.07856590633200933, 0.02000326129850147]",3.4999999999999996e-08,"[0, 6.180299999999999e-07, 0]","[0, 0, 0]",mortar,"[8.07685124914139e-05, -6.190352348065888e-05, 0.007330922177195569]",element_237.json,[]
238,"[0.0789009800693465, 0.019980745174583318]",3.4999999999999996e-08,"[0, 6.180299999999999e-07, 0]","[0, 0, 0]",mortar,"[7.880313195353937e-05, -6.43599229728768e-05, 0.0073309221771955735]",element_238.json,[]
239,"[0.08024207141193432, 0.02032561365416754]",3.4999999999999996e-08,"[0, 6.180299999999999e-07, 0]","[0, 0, 0]",mortar,"[7.535067772036346e-05, -6.377700081485259e-05, 0.00013283964202027767]",element_239.json,[]
240,"[0.07957803539739694, 0.020007017914079796]",3.4999999999999996e-08,"[0, 6.180299999999999e-07, 0]","[0, 0, 0]",mortar,"[7.517585542346555e-05, -6.386726310671609e-05, 0.00046870749336106073]",element_240.json,[]
241,"[0.07991104047129359, 0.01999262393963868]",3.4999999999999996e-08,"[0, 6.180299999999999e-07, 0]","[0, 0, 0]",mortar,"[7.516889961227153e-05, -6.402341687691758e-05, 0.0004691349189283847]",element_241.json,[]
242,"[0.08124242854957171, 0.020326075363962835]",3.4999999999999996e-08,"[0, 6.180299999999999e-07, 0]","[0, 0, 0]",mortar,"[7.522147085999366e-05, -6.389015077903828e-05, 0.00021709663269054168]",element_242.json,[]
243,"[0.08057782839117308, 0.01999374447254552]",3.4999999999999996e-08,"[0, 6.180299999999999e-07, 0]","[0, 0, 0]",mortar,"[7.497761375491484e-05, -6.365339187235121e-05, 0.0006150336735635147]",element_243.json,[]
244,"[0.08091109947215784, 0.019993113904767105]",3.4999999999999996e-08,"[0, 6.180299999999999e-07, 0]","[0, 0, 0]",mortar,"[7.497722593449766e-05, -6.385836480958175e-05, 0.0006150336735635042]",element_244.json,[]
245,"[0.08224037638514473, 0.02032627798927435]",3.4999999999999996e-08,"[0, 6.180299999999999e-07, 0]","[0, 0, 0]",mortar,"[7.501547177548997e-05, -6.453193362035352e-05, 0.0008438654498057591]",element_245.json,[]
246,"[0.08157640595113562, 0.019993342680614024]",3.4999999999999996e-08,"[0, 6.180299999999999e-07, 0]","[0, 0, 0]",mortar,"[7.47706828364313e-05, -6.384053099056753e-05, 0.0009863300311618367]",element_246.json,[]
247,"[0.08190973569843414, 0.019990667785945587]",3.4999999999999996e-08,"[0, 6.180299999999999e-07, 0]","[0, 0, 0]",mortar,"[7.476804450748961e-05, -6.416930413060764e-05, 0.000986330031161835]",element_247.json,[]
248,"[0.08324609347686612, 0.020333333256980973]",3.4999999999999996e-08,"[0, 6.180299999999999e-07, 0]","[0, 0, 0]",mortar,"[6.855868204791598e-05, -6.445045217477269e-05, -2.5429509180071336e-05]",element_248.json,[]
249,"[0.0825766947431271, 0.01999451474215559]",3.4999999999999996e-08,"[0, 6.180299999999999e-07, 0]","[0, 0, 0]",mortar,"[7.420454800558069e-05, -6.443932182275982e-05, 0.0016574023737846789]",element_249.json,[]
250,"[0.08291565230786464, 0.01999672607357245]",3.4999999999999996e-08,"[0, 6.180299999999999e-07, 0]","[0, 0, 0]",mortar,"[6.8583433960922e-05, -6.500111089516577e-05, 0.0016574023737705795]",element_250.json,[]
251,"[0.08426008998742811, 0.020318823456679146]",3.4999999999999996e-08,"[0, 6.180299999999999e-07, 0]","[0, 0, 0]",mortar,"[6.70737167777294e-05, -4.855084513084575e-05, -7.812635734889827e-05]",element_251.json,[]
252,"[0.08358171613836521, 0.020001025705967318]",3.4999999999999996e-08,"[0, 6.180299999999999e-07, 0]","[0, 0, 0]",mortar,"[6.84729392037452e-05, -6.430197000803315e-05, -0.00016220955244512019]",element_252.json,[]
253,"[0.08392881176587919, 0.019986009644096827]",3.4999999999999996e-08,"[0, 6.180299999999999e-07, 0]","[0, 0, 0]",mortar,"[6.717472995563097e-05, -5.1002103279432374e-05, -7.812635724925839e-05]",element_253.json,[]
254,"[0.08525924295370284, 0.020318764641978015]",3.4999999999999996e-08,"[0, 6.180299999999999e-07, 0]","[0, 0, 0]",mortar,"[6.704329342216438e-05, -4.849832871913245e-05, 5.942337536786906e-06]",element_254.json,[]
255,"[0.08459443571422785, 0.01998650218492898]",3.4999999999999996e-08,"[0, 6.180299999999999e-07, 0]","[0, 0, 0]",mortar,"[6.704131900652788e-05, -4.849437821042367e-05, 5.942338464686736e-06]",element_255.json,[]
256,"[0.0849277337791558, 0.019985935110606673]",3.4999999999999996e-08,"[0, 6.180299999999999e-07, 0]","[0, 0, 0]",mortar,"[6.70413156367811e-05, -4.849635877985602e-05, 5.942338464685339e-06]",element_256.json,[]
257,"[0.08625760703595747, 0.020318676214026735]",3.4999999999999996e-08,"[0, 6.180299999999999e-07, 0]","[0, 0, 0]",mortar,"[6.704549632203742e-05, -4.8500514280362836e-05, 7.0271520175541604e-06]",element_257.json,[]
258,"[0.08559308505399044, 0.019986432548314604]",3.4999999999999996e-08,"[0, 6.180299999999999e-07, 0]","[0, 0, 0]",mortar,"[6.70431578809722e-05, -4.849907647838692e-05, 2.3259904193980304e-06]",element_258.json,[]
259,"[0.08592638133282278, 0.0199859892119762]",3.4999999999999996e-08,"[0, 6.180299999999999e-07, 0]","[0, 0, 0]",mortar,"[6.704315847989974e-05, -4.849818670699479e-05, 7.027152017539591e-06]",element_259.json,[]
260,"[0.08725607100276989, 0.020318736845946265]",3.4999999999999996e-08,"[0, 6.180299999999999e-07, 0]","[0, 0, 0]",mortar,"[6.703318650124151e-05, -4.8491867811400025e-05, -3.7033366460104464e-06]",element_260.json,[]
261,"[0.08659145805915891, 0.01998616813741209]",3.4999999999999996e-08,"[0, 6.180299999999999e-07, 0]","[0, 0, 0]",mortar,"[6.703057834050248e-05, -4.8489225059408795e-05, 3.8575202404164925e-06]",element_261.json,[]
262,"[0.08692477971891616, 0.019985776596769627]",3.4999999999999996e-08,"[0, 6.180299999999999e-07, 0]","[0, 0, 0]",mortar,"[6.703057683012654e-05, -4.849051085445788e-05, 3.85752024041021e-06]",element_262.json,[]
263,"[0.0882544531077243, 0.02031871196049587]",3.4999999999999996e-08,"[0, 6.180299999999999e-07, 0]","[0, 0, 0]",mortar,"[6.701786761086202e-05, -4.851205774597932e-05, 1.862474531049109e-05]",element_263.json,[]
264,"[0.08758997763729297, 0.019986478294518658]",3.4999999999999996e-08,"[0, 6.180299999999999e-07, 0]","[0, 0, 0]",mortar,"[6.70117198186722e-05, -4.848328971924351e-05, 4.245302432290634e-05]",element_264.json,[]
265,"[0.08792330451805118, 0.01998574160675138]",3.4999999999999996e-08,"[0, 6.180299999999999e-07, 0]","[0, 0, 0]",mortar,"[6.70116661228276e-05, -4.850589018783673e-05, 1.86247453104989e-05]",element_265.json,[]
266,"[0.08925295263195251, 0.02031883534707112]",3.4999999999999996e-08,"[0, 6.180299999999999e-07, 0]","[0, 0, 0]",mortar,"[6.700767177511641e-05, -4.848831069823521e-05, -1.7554033190047057e-06]",element_266.json,[]
267,"[0.08858839323177234, 0.019986291756324905]",3.4999999999999996e-08,"[0, 6.180299999999999e-07, 0]","[0, 0, 0]",mortar,"[6.70082555241374e-05, -4.848947726832516e-05, -1.7554051438170023e-06]",element_267.json,[]
268,"[0.08892169162084275, 0.019985727984112786]",3.4999999999999996e-08,"[0, 6.180299999999999e-07, 0]","[0, 0, 0]",mortar,"[6.700825651378605e-05, -4.848889219461855e-05, -1.7554051438227458e-06]",element_268.json,[]
269,"[0.09025127172207437, 0.020318739135951027]",3.4999999999999996e-08,"[0, 6.180299999999999e-07, 0]","[0, 0, 0]",mortar,"[6.698967227877222e-05, -4.849192821143856e-05, 0.0]",element_269.json,[]
270,"[0.08958671699278284, 0.0199862024048114]",3.4999999999999996e-08,"[0, 6.180299999999999e-07, 0]","[0, 0, 0]",mortar,"[6.700966724822208e-05, -4.8498703051130946e-05, -4.08559558291953e-05]",element_270.json,[]
271,"[0.08992003559299465, 0.019985886855441018]",3.4999999999999996e-08,"[0, 6.180299999999999e-07, 0]","[0, 0, 0]",mortar,"[6.698967227877222e-05, -4.8491928211438566e-05, 0.0]",element_271.json,[]
272,"[0.09124992518729734, 0.020318646313591333]",3.4999999999999996e-08,"[0, 6.180299999999999e-07, 0]","[0, 0, 0]",mortar,"[6.699327207271935e-05, -4.820691754513616e-05, -0.00015431786563709017]",element_272.json,[]
273,"[0.0905853013014741, 0.019986541767424888]",3.4999999999999996e-08,"[0, 6.180299999999999e-07, 0]","[0, 0, 0]",mortar,"[6.705045668141022e-05, -4.850137740595929e-05, -0.00015431786563710448]",element_273.json,[]
274,"[0.09091860959522145, 0.019986237200328386]",3.4999999999999996e-08,"[0, 6.180299999999999e-07, 0]","[0, 0, 0]",mortar,"[6.70505036815545e-05, -4.844994198146906e-05, -0.00015431786563709524]",element_274.json,[]
275,"[0.09224830631171478, 0.02031859015517625]",3.4999999999999996e-08,"[0, 6.180299999999999e-07, 0]","[0, 0, 0]",mortar,"[6.69048909391267e-05, -4.814826299689362e-05, -0.00015174128226787568]",element_275.json,[]
276,"[0.09158364539393543, 0.019986003415450558]",3.4999999999999996e-08,"[0, 6.180299999999999e-07, 0]","[0, 0, 0]",mortar,"[6.695555346340504e-05, -4.812666327861768e-05, 2.627345263726699e-05]",element_276.json,[]
277,"[0.091916935119493, 0.019985699377331873]",3.4999999999999996e-08,"[0, 6.180299999999999e-07, 0]","[0, 0, 0]",mortar,"[6.695540421261202e-05, -4.819854568650826e-05, -0.00015174128226894386]",element_277.json,[]
278,"[0.09324665733310801, 0.020318706823388294]",3.4999999999999996e-08,"[0, 6.180299999999999e-07, 0]","[0, 0, 0]",mortar,"[6.68843790420628e-05, -4.819621690226884e-05, -0.00018435995932721913]",element_278.json,[]
279,"[0.09258207077046239, 0.01998623910295477]",3.4999999999999996e-08,"[0, 6.180299999999999e-07, 0]","[0, 0, 0]",mortar,"[6.69400825781905e-05, -4.8092705292697895e-05, -0.00012083781826149748]",element_279.json,[]
280,"[0.09291534895503731, 0.019985960625931526]",3.4999999999999996e-08,"[0, 6.180299999999999e-07, 0]","[0, 0, 0]",mortar,"[6.694008405945607e-05, -4.807493502487232e-05, -0.0001843599593272072]",element_280.json,[]
281,"[0.09424523682538971, 0.020318594478779095]",3.4999999999999996e-08,"[0, 6.180299999999999e-07, 0]","[0, 0, 0]",mortar,"[6.690938957990908e-05, -4.8328280001805666e-05, 1.4902879969754842e-05]",element_281.json,[]
282,"[0.09358059496383243, 0.019986559650901927]",3.4999999999999996e-08,"[0, 6.180299999999999e-07, 0]","[0, 0, 0]",mortar,"[6.694561368127265e-05, -4.813465217425057e-05, -0.00018435995932629623]",element_282.json,[]
283,"[0.09391387247733732, 0.019986025845222397]",3.4999999999999996e-08,"[0, 6.180299999999999e-07, 0]","[0, 0, 0]",mortar,"[6.694578457018764e-05, -4.826273590066449e-05, -0.0007187421919869755]",element_283.json,[]
284,"[0.09524359662500209, 0.02031869387708632]",3.4999999999999996e-08,"[0, 6.180299999999999e-07, 0]","[0, 0, 0]",mortar,"[6.690255461791929e-05, -4.83249887979688e-05, -2.147989880370241e-06]",element_284.json,[]
285,"[0.0945790424909958, 0.019986142749898034]",3.4999999999999996e-08,"[0, 6.180299999999999e-07, 0]","[0, 0, 0]",mortar,"[6.690328328132176e-05, -4.832642111278058e-05, -2.1772565347854528e-06]",element_285.json,[]
286,"[0.09491230948850968, 0.019985750971284084]",3.4999999999999996e-08,"[0, 6.180299999999999e-07, 0]","[0, 0, 0]",mortar,"[6.69032697759117e-05, -4.832570039938549e-05, -2.147989880372112e-06]",element_286.json,[]
287,"[0.0962420109312888, 0.020318598896183676]",3.4999999999999996e-08,"[0, 6.180299999999999e-07, 0]","[0, 0, 0]",mortar,"[6.690818616685819e-05, -4.808357999322606e-05, -0.0004833871464423226]",element_287.json,[]
288,"[0.09557746926918588, 0.019986309931391145]",3.4999999999999996e-08,"[0, 6.180299999999999e-07, 0]","[0, 0, 0]",mortar,"[6.685766093718632e-05, -4.830953208873678e-05, 9.057314882093504e-05]",element_288.json,[]
289,"[0.09591074981539546, 0.019985950160968116]",3.4999999999999996e-08,"[0, 6.180299999999999e-07, 0]","[0, 0, 0]",mortar,"[6.706898428974169e-05, -4.824370735876504e-05, -0.0004833871464423237]",element_289.json,[]
290,"[0.09725106713543635, 0.020305228693463767]",3.4999999999999996e-08,"[0, 6.180299999999999e-07, 0]","[0, 0, 0]",mortar,"[6.560748574752964e-05, -3.4027929298661025e-05, 0.0004885642298395871]",element_290.json,[]
291,"[0.09657580561912826, 0.019985944833125963]",3.4999999999999996e-08,"[0, 6.180299999999999e-07, 0]","[0, 0, 0]",mortar,"[6.734360158092602e-05, -4.796390715836822e-05, -0.0011808205006150338]",element_291.json,[]
292,"[0.09692338080238537, 0.019966135204706657]",3.4999999999999996e-08,"[0, 6.180299999999999e-07, 0]","[0, 0, 0]",mortar,"[6.560602864377456e-05, -3.427558974947307e-05, -0.0011808205006150407]",element_292.json,[]
293,"[0.09825713905072339, 0.020306339927005]",3.4999999999999996e-08,"[0, 6.180299999999999e-07, 0]","[0, 0, 0]",mortar,"[6.474929799118293e-05, -3.387096678865907e-05, -2.0939386922827816e-09]",element_293.json,[]
294,"[0.09759170211882463, 0.019978411306704198]",3.4999999999999996e-08,"[0, 6.180299999999999e-07, 0]","[0, 0, 0]",mortar,"[6.579661578777956e-05, -3.4202490632664774e-05, -0.0005550259610743983]",element_294.json,[]
295,"[0.09792604697247641, 0.019973108809119032]",3.4999999999999996e-08,"[0, 6.180299999999999e-07, 0]","[0, 0, 0]",mortar,"[6.478684355583124e-05, -3.401692043426576e-05, -0.0005550267030989696]",element_295.json,[]
296,"[0.09925604698595311, 0.020306308813134357]",3.4999999999999996e-08,"[0, 6.180299999999999e-07, 0]","[0, 0, 0]",mortar,"[6.474822819299007e-05, -3.3820406693632626e-05, -0.00011771548926136087]",element_296.json,[]
297,"[0.0985913474595595, 0.0199741554689326]",3.4999999999999996e-08,"[0, 6.180299999999999e-07, 0]","[0, 0, 0]",mortar,"[6.478732778641256e-05, -3.389865212359384e-05, -0.0001177154892613487]",element_297.json,[]
298,"[0.09892466159106471, 0.019973816174445814]",3.4999999999999996e-08,"[0, 6.180299999999999e-07, 0]","[0, 0, 0]",mortar,"[6.478736772662908e-05, -3.3859415887525985e-05, -0.00011771548926135695]",element_298.json,[]
299,"[0.10025453292898569, 0.020305615857085083]",3.4999999999999996e-08,"[0, 6.180299999999999e-07, 0]","[0, 0, 0]",mortar,"[6.479077803724285e-05, -3.3747113244324475e-05, -0.00020531011203323284]",element_299.json,[]
300,"[0.09958983044546263, 0.01997381939487647]",3.4999999999999996e-08,"[0, 6.180299999999999e-07, 0]","[0, 0, 0]",mortar,"[6.48680653979461e-05, -3.38378015677545e-05, -0.00030711025403636647]",element_300.json,[]
301,"[0.09992310223270229, 0.01997342427715759]",3.4999999999999996e-08,"[0, 6.180299999999999e-07, 0]","[0, 0, 0]",mortar,"[6.485898032773424e-05, -3.3815159317709674e-05, -0.00020531011203322961]",element_301.json,[]
302,"[0.10058864997032235, 0.019973857131859167]",3.4999999999999996e-08,"[0, 6.180299999999999e-07, 0]","[0, 0, 0]",mortar,"[6.499082949699445e-05, -3.367053423514671e-05, -0.00018295417983395872]",element_302.json,[]
303,"[0.10025691632225535, 0.019641180953348828]",3.4999999999999996e-08,"[0, 6.180299999999999e-07, 0]","[0, 0, 0]",mortar,"[6.504675124963318e-05, -3.372999198451899e-05, -0.0001643300962142607]",element_303.json,[]
304,"[0.09925836165349602, 0.019640900666777088]",3.4999999999999996e-08,"[0, 6.180299999999999e-07, 0]","[0, 0, 0]",mortar,"[6.497030815310616e-05, -3.39395990326605e-05, -0.0003071102540363667]",element_304.json,[]
305,"[0.09825998335274953, 0.019640817938139522]",3.4999999999999996e-08,"[0, 6.180299999999999e-07, 0]","[0, 0, 0]",mortar,"[6.487085151544398e-05, -3.393870207077835e-05, -0.0002542141003954824]",element_305.json,[]
306,"[0.09726400154252533, 0.019639143250067354]",3.4999999999999996e-08,"[0, 6.180299999999999e-07, 0]","[0, 0, 0]",mortar,"[6.600964526273465e-05, -3.4229638730990876e-05, -0.00016433009621427046]",element_306.json,[]
307,"[0.09624422674215898, 0.019652884934560588]",3.4999999999999996e-08,"[0, 6.180299999999999e-07, 0]","[0, 0, 0]",mortar,"[6.739491479891361e-05, -4.826061069522049e-05, 0.00010628032942860948]",element_307.json,[]
308,"[0.0952460122497516, 0.01965311057639792]",3.4999999999999996e-08,"[0, 6.180299999999999e-07, 0]","[0, 0, 0]",mortar,"[6.687370906367046e-05, -4.826810590244472e-05, -1.3830383333661573e-05]",element_308.json,[]
309,"[0.0942474461397648, 0.019653151495381355]",3.4999999999999996e-08,"[0, 6.180299999999999e-07, 0]","[0, 0, 0]",mortar,"[6.691827020370427e-05, -4.8297726097692194e-05, 4.317788417742897e-05]",element_309.json,[]
310,"[0.0932490245929495, 0.019653194883438137]",3.4999999999999996e-08,"[0, 6.180299999999999e-07, 0]","[0, 0, 0]",mortar,"[6.696891756944335e-05, -4.810812027278428e-05, 0.0001951898511345117]",element_310.json,[]
311,"[0.09225064201992852, 0.019652872934631256]",3.4999999999999996e-08,"[0, 6.180299999999999e-07, 0]","[0, 0, 0]",mortar,"[6.692601949152012e-05, -4.823894093531135e-05, 0.00019249747983886024]",element_311.json,[]
312,"[0.09125199967225281, 0.019652924072259662]",3.4999999999999996e-08,"[0, 6.180299999999999e-07, 0]","[0, 0, 0]",mortar,"[6.693317654511334e-05, -4.849543096688984e-05, 0.00019128769914367354]",element_312.json,[]
313,"[0.0902536999789504, 0.01965312115266382]",3.4999999999999996e-08,"[0, 6.180299999999999e-07, 0]","[0, 0, 0]",mortar,"[6.706707617263187e-05, -4.852679618169597e-05, 0.0002746736735061456]",element_313.json,[]
314,"[0.0892552375007883, 0.019652851016529065]",3.4999999999999996e-08,"[0, 6.180299999999999e-07, 0]","[0, 0, 0]",mortar,"[6.698909223436541e-05, -4.855329166324535e-05, 0.00029738365192165405]",element_314.json,[]
315,"[0.0882568667680884, 0.01965274177822341]",3.4999999999999996e-08,"[0, 6.180299999999999e-07, 0]","[0, 0, 0]",mortar,"[6.697007642836528e-05, -4.858879525241866e-05, 0.0003551045645754791]",element_315.json,[]
316,"[0.0872584624135711, 0.019652682502350888]",3.4999999999999996e-08,"[0, 6.180299999999999e-07, 0]","[0, 0, 0]",mortar,"[6.698531284503771e-05, -4.858105395879648e-05, 0.00040164394979627026]",element_316.json,[]
317,"[0.08625984087136264, 0.01965271608686433]",3.4999999999999996e-08,"[0, 6.180299999999999e-07, 0]","[0, 0, 0]",mortar,"[6.69888875510489e-05, -4.860597150136311e-05, 0.0004427794303522031]",element_317.json,[]
318,"[0.0852613888918188, 0.01965284105667906]",3.4999999999999996e-08,"[0, 6.180299999999999e-07, 0]","[0, 0, 0]",mortar,"[6.700288075347828e-05, -4.863460762547031e-05, 0.0005240004188367364]",element_318.json,[]
319,"[0.08426269680151081, 0.019652920101721896]",3.4999999999999996e-08,"[0, 6.180299999999999e-07, 0]","[0, 0, 0]",mortar,"[6.726711682079568e-05, -5.0800566383101296e-05, -0.00016433009621426357]",element_319.json,[]
320,"[0.0832517164012741, 0.01966401506877028]",3.4999999999999996e-08,"[0, 6.180299999999999e-07, 0]","[0, 0, 0]",mortar,"[6.856980973690448e-05, -6.425111742288665e-05, 2.44524337942335e-05]",element_320.json,[]
321,"[0.08224607113496167, 0.019658651679222754]",3.4999999999999996e-08,"[0, 6.180299999999999e-07, 0]","[0, 0, 0]",mortar,"[7.415999105603622e-05, -6.392112157915592e-05, 8.951009704417962e-05]",element_321.json,[]
322,"[0.08124500544773595, 0.019659942270219315]",3.4999999999999996e-08,"[0, 6.180299999999999e-07, 0]","[0, 0, 0]",mortar,"[7.464514131100181e-05, -6.391108407035024e-05, 0.0005384354709289978]",element_322.json,[]
323,"[0.08024612443747445, 0.019660563807562318]",3.4999999999999996e-08,"[0, 6.180299999999999e-07, 0]","[0, 0, 0]",mortar,"[7.4880698224989e-05, -6.413450345652116e-05, 0.0007289984495713892]",element_323.json,[]
324,"[0.0792565339847716, 0.019657899121168648]",3.4999999999999996e-08,"[0, 6.180299999999999e-07, 0]","[0, 0, 0]",mortar,"[7.61237546684754e-05, -6.264152712177591e-05, 0.00035997875065336174]",element_324.json,[]
325,"[0.07825077303378875, 0.019654258505255557]",3.4999999999999996e-08,"[0, 6.180299999999999e-07, 0]","[0, 0, 0]",mortar,"[8.071542561490434e-05, -5.930128985789279e-05, 0.0016663678098593477]",element_325.json,[]
326,"[0.07722258344789022, 0.019648997131086508]",3.4999999999999996e-08,"[0, 6.180299999999999e-07, 0]","[0, 0, 0]",mortar,"[8.357188888892325e-05, -5.971612123513923e-05, 0.0008755037052959547]",element_326.json,[]
327,"[0.07621964185167136, 0.019650025496183356]",3.4999999999999996e-08,"[0, 6.180299999999999e-07, 0]","[0, 0, 0]",mortar,"[8.481523254123787e-05, -6.196051424620475e-05, 0.0008330965675428752]",element_327.json,[]
328,"[0.07520584428688808, 0.01964903416884145]",3.4999999999999996e-08,"[0, 6.180299999999999e-07, 0]","[0, 0, 0]",mortar,"[8.537081990058258e-05, -6.0632875372911254e-05, 0.0012900532313623813]",element_328.json,[]
329,"[0.07421288191003984, 0.019650932031182417]",3.4999999999999996e-08,"[0, 6.180299999999999e-07, 0]","[0, 0, 0]",mortar,"[8.558082338212343e-05, -5.930528760550031e-05, 0.002345020125165531]",element_329.json,[]
330,"[0.07320547292979343, 0.019644645877887393]",3.4999999999999996e-08,"[0, 6.180299999999999e-07, 0]","[0, 0, 0]",mortar,"[8.638637018987071e-05, -5.843562729895904e-05, 0.0011012839208201486]",element_330.json,[]
331,"[0.07218358757155646, 0.019639535358024963]",3.4999999999999996e-08,"[0, 6.180299999999999e-07, 0]","[0, 0, 0]",mortar,"[9.222791366812e-05, -5.751325330852054e-05, 0.0012602634017434607]",element_331.json,[]
332,"[0.07117305882340343, 0.01963624362761977]",3.4999999999999996e-08,"[0, 6.180299999999999e-07, 0]","[0, 0, 0]",mortar,"[9.353890425909817e-05, -5.753887208923612e-05, 0.0012431656955620065]",element_332.json,[]
333,"[0.07017284090858288, 0.01963578520475004]",3.4999999999999996e-08,"[0, 6.180299999999999e-07, 0]","[0, 0, 0]",mortar,"[9.392671789146751e-05, -5.758282212130138e-05, 0.0012360926124775214]",element_333.json,[]
334,"[0.06917386939346493, 0.019635897553085816]",3.4999999999999996e-08,"[0, 6.180299999999999e-07, 0]","[0, 0, 0]",mortar,"[9.38993340035633e-05, -5.7552068291290626e-05, 0.0013388725106069893]",element_334.json,[]
335,"[0.068174894921664, 0.019635757389337406]",3.4999999999999996e-08,"[0, 6.180299999999999e-07, 0]","[0, 0, 0]",mortar,"[9.380424577478995e-05, -5.756496308214815e-05, 0.0014018811894790217]",element_335.json,[]
336,"[0.06717609852516138, 0.019635705203851016]",3.4999999999999996e-08,"[0, 6.180299999999999e-07, 0]","[0, 0, 0]",mortar,"[9.374443446619023e-05, -5.753705848727382e-05, 0.0014112299218440765]",element_336.json,[]
337,"[0.06617726460744555, 0.01963577133633386]",3.4999999999999996e-08,"[0, 6.180299999999999e-07, 0]","[0, 0, 0]",mortar,"[9.368512784817734e-05, -5.753590772822864e-05, 0.0014832014943258413]",element_337.json,[]
338,"[0.06518138263763164, 0.01963165975642154]",3.4999999999999996e-08,"[0, 6.180299999999999e-07, 0]","[0, 0, 0]",mortar,"[9.362061595829875e-05, -5.6874941930660156e-05, 0.0008453515540113868]",element_338.json,[]
339,"[0.06418296148932107, 0.019629711279562808]",3.4999999999999996e-08,"[0, 6.180299999999999e-07, 0]","[0, 0, 0]",mortar,"[9.419112369461483e-05, -5.727765817912825e-05, -2.349677159230154e-06]",element_339.json,[]
340,"[0.0631759269989079, 0.019631526518343056]",3.4999999999999996e-08,"[0, 6.180299999999999e-07, 0]","[0, 0, 0]",mortar,"[9.861887111482125e-05, -6.006046742952142e-05, 0.001604502370008919]",element_340.json,[]
341,"[0.062177710607277295, 0.019632690412745374]",3.4999999999999996e-08,"[0, 6.180299999999999e-07, 0]","[0, 0, 0]",mortar,"[9.972830194557165e-05, -6.150387919746086e-05, 0.0015905046489348247]",element_341.json,[]
342,"[0.06117400739275767, 0.01963333925771337]",3.4999999999999996e-08,"[0, 6.180299999999999e-07, 0]","[0, 0, 0]",mortar,"[0.00010005793371788889, -6.264446858598923e-05, 0.0016722054000231376]",element_342.json,[]
343,"[0.060173152009091346, 0.01963256996364742]",3.4999999999999996e-08,"[0, 6.180299999999999e-07, 0]","[0, 0, 0]",mortar,"[0.00010007243134298085, -6.192245720437044e-05, 0.0015891845905649869]",element_343.json,[]
344,"[0.05917466780728084, 0.019632315147176078]",3.4999999999999996e-08,"[0, 6.180299999999999e-07, 0]","[0, 0, 0]",mortar,"[0.0001001002926006068, -6.152275030288102e-05, 0.0016649689327498933]",element_344.json,[]
345,"[0.05817599249245173, 0.019632403232257064]",3.4999999999999996e-08,"[0, 6.180299999999999e-07, 0]","[0, 0, 0]",mortar,"[9.995555217850534e-05, -6.133156915622423e-05, 0.0017764517490533951]",element_345.json,[]
346,"[0.057176834125782845, 0.019632554139142878]",3.4999999999999996e-08,"[0, 6.180299999999999e-07, 0]","[0, 0, 0]",mortar,"[9.979149539457804e-05, -6.126326067101658e-05, 0.001846716468591081]",element_346.json,[]
347,"[0.05617801644080365, 0.019632158228192184]",3.4999999999999996e-08,"[0, 6.180299999999999e-07, 0]","[0, 0, 0]",mortar,"[9.971783719182239e-05, -6.123115330904716e-05, 0.0018502893165645987]",element_347.json,[]
348,"[0.05517927565520485, 0.019631952719311674]",3.4999999999999996e-08,"[0, 6.180299999999999e-07, 0]","[0, 0, 0]",mortar,"[9.961125250363805e-05, -6.124940389178133e-05, 0.001862020518917977]",element_348.json,[]
349,"[0.05418040669604733, 0.01963201881934465]",3.4999999999999996e-08,"[0, 6.180299999999999e-07, 0]","[0, 0, 0]",mortar,"[9.95629924820648e-05, -6.142485155320233e-05, 0.0018792252989665254]",element_349.json,[]
350,"[0.0531811822110652, 0.019632538512111265]",3.4999999999999996e-08,"[0, 6.180299999999999e-07, 0]","[0, 0, 0]",mortar,"[9.95235104746259e-05, -6.15100666694924e-05, 0.0019585362557048864]",element_350.json,[]
351,"[0.052182651889682956, 0.01963259805225132]",3.4999999999999996e-08,"[0, 6.180299999999999e-07, 0]","[0, 0, 0]",mortar,"[9.944416275955126e-05, -6.150879128841642e-05, 0.002030738360179858]",element_351.json,[]
352,"[0.051186119541319026, 0.01963249472719999]",3.4999999999999996e-08,"[0, 6.180299999999999e-07, 0]","[0, 0, 0]",mortar,"[9.962190340719682e-05, -6.165929004095794e-05, 0.0020390134043585086]",element_352.json,[]
353,"[0.05018216384940261, 0.019632832942371323]",3.4999999999999996e-08,"[0, 6.180299999999999e-07, 0]","[0, 0, 0]",mortar,"[0.00010218810623088506, -6.368639224118853e-05, 0.001633711414166104]",element_353.json,[]
354,"[0.049177944781656206, 0.019633486600740532]",3.4999999999999996e-08,"[0, 6.180299999999999e-07, 0]","[0, 0, 0]",mortar,"[0.00010281462047412975, -6.530365043324426e-05, 0.0005281398702101841]",element_354.json,[]
355,"[0.04817380127730915, 0.01963467426779928]",3.4999999999999996e-08,"[0, 6.180299999999999e-07, 0]","[0, 0, 0]",mortar,"[0.00010323753362714178, -6.480523963025036e-05, 0.000891854077256346]",element_355.json,[]
356,"[0.047185195626271756, 0.019629600131406383]",3.4999999999999996e-08,"[0, 6.180299999999999e-07, 0]","[0, 0, 0]",mortar,"[0.00010281516280018473, -6.428157108970706e-05, -0.0001643300962142756]",element_356.json,[]
357,"[0.04617517976274127, 0.019602020968264477]",3.4999999999999996e-08,"[0, 6.180299999999999e-07, 0]","[0, 0, 0]",mortar,"[-1.3646248828127539e-05, 6.60072029853283e-05, -0.0001643300962142686]",element_357.json,[]
358,"[0.04507853018231456, 0.019600097364137866]",3.4999999999999996e-08,"[0, 6.180299999999999e-07, 0]","[0, 0, 0]",mortar,"[3.6823292254992535e-05, 3.060418367748496e-05, 0.0023748863335997152]",element_358.json,[]
359,"[0.04404493023195357, 0.019595142987585988]",3.4999999999999996e-08,"[0, 6.180299999999999e-07, 0]","[0, 0, 0]",mortar,"[4.8233676718993515e-05, 2.0632649196906233e-05, 0.0021127861415164077]",element_359.json,[]
360,"[0.04301387162003752, 0.019570987679673985]",3.4999999999999996e-08,"[0, 6.180299999999999e-07, 0]","[0, 0, 0]",mortar,"[7.189276185005034e-05, 2.2882193800580132e-05, 0.001873074210545575]",element_360.json,[]
361,"[0.04201186175218802, 0.01957215712960962]",3.4999999999999996e-08,"[0, 6.180299999999999e-07, 0]","[0, 0, 0]",mortar,"[7.289418457478361e-05, 2.2680817051163868e-05, 0.002292242206493752]",element_361.json,[]
362,"[0.04101282765925856, 0.019571900109751145]",3.4999999999999996e-08,"[0, 6.180299999999999e-07, 0]","[0, 0, 0]",mortar,"[7.329008747959369e-05, 2.3365322739974046e-05, 0.0027306067615151665]",element_362.json,[]
363,"[0.04001378544955124, 0.019571987759945664]",3.4999999999999996e-08,"[0, 6.180299999999999e-07, 0]","[0, 0, 0]",mortar,"[7.297181894503722e-05, 2.3574468011325598e-05, 0.002761921235751656]",element_363.json,[]
364,"[0.03901506082910168, 0.019572177088755548]",3.4999999999999996e-08,"[0, 6.180299999999999e-07, 0]","[0, 0, 0]",mortar,"[7.271403871953525e-05, 2.390726007750352e-05, 0.0028720846756334238]",element_364.json,[]
365,"[0.03801565550042991, 0.01957201143843337]",3.4999999999999996e-08,"[0, 6.180299999999999e-07, 0]","[0, 0, 0]",mortar,"[7.235123602136945e-05, 2.398719691759542e-05, 0.0028225275654303068]",element_365.json,[]
366,"[0.037016687069306484, 0.019571879957553554]",3.4999999999999996e-08,"[0, 6.180299999999999e-07, 0]","[0, 0, 0]",mortar,"[7.206881103626621e-05, 2.425765159724292e-05, 0.0028944091217519615]",element_366.json,[]
367,"[0.036017717056242654, 0.019571953433697033]",3.4999999999999996e-08,"[0, 6.180299999999999e-07, 0]","[0, 0, 0]",mortar,"[7.189442755155678e-05, 2.4445641679893825e-05, 0.0029778888194805244]",element_367.json,[]
368,"[0.03501827064388072, 0.019572205910451956]",3.4999999999999996e-08,"[0, 6.180299999999999e-07, 0]","[0, 0, 0]",mortar,"[7.155144890986149e-05, 2.47147043712392e-05, 0.0030407223630418683]",element_368.json,[]
369,"[0.0340194198784444, 0.01957187450180223]",3.4999999999999996e-08,"[0, 6.180299999999999e-07, 0]","[0, 0, 0]",mortar,"[7.123631167664813e-05, 2.4784447393665364e-05, 0.0030004131548467122]",element_369.json,[]
370,"[0.03301988162010262, 0.01957207443872877]",3.4999999999999996e-08,"[0, 6.180299999999999e-07, 0]","[0, 0, 0]",mortar,"[7.102639351100975e-05, 2.4973502086293802e-05, 0.003062325513959412]",element_370.json,[]
371,"[0.03202068083614361, 0.019572177132016203]",3.4999999999999996e-08,"[0, 6.180299999999999e-07, 0]","[0, 0, 0]",mortar,"[7.063843741949399e-05, 2.508651277359119e-05, 0.0030586732384500354]",element_371.json,[]
372,"[0.031021363514408297, 0.019572202069413493]",3.4999999999999996e-08,"[0, 6.180299999999999e-07, 0]","[0, 0, 0]",mortar,"[7.036733076733903e-05, 2.5200285354560787e-05, 0.003066214754192597]",element_372.json,[]
373,"[0.030022004158669457, 0.01957201949794617]",3.4999999999999996e-08,"[0, 6.180299999999999e-07, 0]","[0, 0, 0]",mortar,"[7.030228904289294e-05, 2.566360399359797e-05, 0.0032547542531371314]",element_373.json,[]
374,"[0.02902284021223146, 0.01957229835225603]",3.4999999999999996e-08,"[0, 6.180299999999999e-07, 0]","[0, 0, 0]",mortar,"[6.992466414096643e-05, 2.585184156670542e-05, 0.0032822392614497466]",element_374.json,[]
375,"[0.028023706315385342, 0.019572052327609005]",3.4999999999999996e-08,"[0, 6.180299999999999e-07, 0]","[0, 0, 0]",mortar,"[6.959713239224526e-05, 2.6148456498425186e-05, 0.0033347996652192432]",element_375.json,[]
376,"[0.027024563056782178, 0.019571918510688725]",3.4999999999999996e-08,"[0, 6.180299999999999e-07, 0]","[0, 0, 0]",mortar,"[6.920486559695475e-05, 2.6188281424367877e-05, 0.003260285592872185]",element_376.json,[]
377,"[0.026025626596257, 0.019571145274923943]",3.4999999999999996e-08,"[0, 6.180299999999999e-07, 0]","[0, 0, 0]",mortar,"[6.897194387151518e-05, 2.6421157103556692e-05, 0.003283202301773056]",element_377.json,[]
378,"[0.025026234372409507, 0.01957099368347201]",3.4999999999999996e-08,"[0, 6.180299999999999e-07, 0]","[0, 0, 0]",mortar,"[6.85682672319504e-05, 2.658507673110328e-05, 0.003249793076449389]",element_378.json,[]
379,"[0.02402714550543833, 0.019571073887867517]",3.4999999999999996e-08,"[0, 6.180299999999999e-07, 0]","[0, 0, 0]",mortar,"[6.815009678767883e-05, 2.7397575595141187e-05, 0.0034701934348715024]",element_379.json,[]
380,"[0.02302806858534808, 0.01957170706318779]",3.4999999999999996e-08,"[0, 6.180299999999999e-07, 0]","[0, 0, 0]",mortar,"[6.775872896718089e-05, 2.7577314006370836e-05, 0.003515796384063635]",element_380.json,[]
381,"[0.02202930717351206, 0.019571242341282043]",3.4999999999999996e-08,"[0, 6.180299999999999e-07, 0]","[0, 0, 0]",mortar,"[6.723534550710788e-05, 2.7484911531637863e-05, 0.0033410276818122554]",element_381.json,[]
382,"[0.02103006996753936, 0.019571202828673428]",3.4999999999999996e-08,"[0, 6.180299999999999e-07, 0]","[0, 0, 0]",mortar,"[6.700406891625767e-05, 2.768082339584475e-05, 0.003397819786543101]",element_382.json,[]
383,"[0.020031193340085792, 0.01957115785646721]",3.4999999999999996e-08,"[0, 6.180299999999999e-07, 0]","[0, 0, 0]",mortar,"[6.681556750063744e-05, 2.815279504780004e-05, 0.003557367415997067]",element_383.json,[]
384,"[0.019032383825453667, 0.01957072751464641]",3.4999999999999996e-08,"[0, 6.180299999999999e-07, 0]","[0, 0, 0]",mortar,"[6.645713971924762e-05, 2.858421575806055e-05, 0.003638956333829402]",element_384.json,[]
385,"[0.018033386783078656, 0.019570970599342673]",3.4999999999999996e-08,"[0, 6.180299999999999e-07, 0]","[0, 0, 0]",mortar,"[6.59604095293802e-05, 2.9107820247163178e-05, 0.003743055255785695]",element_385.json,[]
386,"[0.017034574297864813, 0.019570896828280632]",3.4999999999999996e-08,"[0, 6.180299999999999e-07, 0]","[0, 0, 0]",mortar,"[6.543439961868424e-05, 2.9651241185629744e-05, 0.0038175893731059586]",element_386.json,[]
387,"[0.016035554319067922, 0.019570688498507034]",3.4999999999999996e-08,"[0, 6.180299999999999e-07, 0]","[0, 0, 0]",mortar,"[6.490248861034343e-05, 2.9981648806614818e-05, 0.003812406462165379]",element_387.json,[]
388,"[0.015036439832381704, 0.01957099359023897]",3.4999999999999996e-08,"[0, 6.180299999999999e-07, 0]","[0, 0, 0]",mortar,"[6.450952436761132e-05, 3.0501862343203052e-05, 0.0039578814280622]",element_388.json,[]
389,"[0.014040569467368171, 0.01956922809648166]",3.4999999999999996e-08,"[0, 6.180299999999999e-07, 0]","[0, 0, 0]",mortar,"[6.470747847880328e-05, 2.288979732653547e-05, 0.0011886134431205854]",element_389.json,[]
390,"[0.01304594662852794, 0.019570260094969972]",3.4999999999999996e-08,"[0, 6.180299999999999e-07, 0]","[0, 0, 0]",mortar,"[6.848852740124407e-05, 2.366967538089745e-05, 0.0036831745212206166]",element_390.json,[]
391,"[0.01204247820910151, 0.019575153906658302]",3.4999999999999996e-08,"[0, 6.180299999999999e-07, 0]","[0, 0, 0]",mortar,"[6.929690818162158e-05, 2.2607680596785163e-05, 0.004211320890351026]",element_391.json,[]
392,"[0.01104210494893509, 0.019574189275817402]",3.4999999999999996e-08,"[0, 6.180299999999999e-07, 0]","[0, 0, 0]",mortar,"[6.912887203732623e-05, 2.2967203469067365e-05, 0.00398934121437678]",element_392.json,[]
393,"[0.010042975966462935, 0.019573875622429654]",3.4999999999999996e-08,"[0, 6.180299999999999e-07, 0]","[0, 0, 0]",mortar,"[6.900539906275984e-05, 2.3546119999850254e-05, 0.004039820442911039]",element_393.json,[]
394,"[0.009042793317264798, 0.019573856567722422]",3.4999999999999996e-08,"[0, 6.180299999999999e-07, 0]","[0, 0, 0]",mortar,"[6.865875312418353e-05, 2.3935805698436384e-05, 0.00415072352506232]",element_394.json,[]
395,"[0.008043553052183513, 0.019573758941867497]",3.4999999999999996e-08,"[0, 6.180299999999999e-07, 0]","[0, 0, 0]",mortar,"[6.822043732762231e-05, 2.4307774030979007e-05, 0.00419206596332446]",element_395.json,[]
396,"[0.007043898159225772, 0.019574037250453525]",3.4999999999999996e-08,"[0, 6.180299999999999e-07, 0]","[0, 0, 0]",mortar,"[6.777518495466852e-05, 2.4668451882117013e-05, 0.00425863284544759]",element_396.json,[]
397,"[0.00604420902227387, 0.01957370342805312]",3.4999999999999996e-08,"[0, 6.180299999999999e-07, 0]","[0, 0, 0]",mortar,"[6.730640716991678e-05, 2.5053636012422536e-05, 0.004259721223258472]",element_397.json,[]
398,"[0.005043993937077208, 0.01957452636136894]",3.4999999999999996e-08,"[0, 6.180299999999999e-07, 0]","[0, 0, 0]",mortar,"[6.683116745099591e-05, 2.5425443322339228e-05, 0.004438120412808172]",element_398.json,[]
399,"[0.004050267617498499, 0.01957080864952317]",3.4999999999999996e-08,"[0, 6.180299999999999e-07, 0]","[0, 0, 0]",mortar,"[6.637150710613895e-05, 2.3205178150744806e-05, 0.003201430561579071]",element_399.json,[]
400,"[0.0030566423535662228, 0.019566966678857607]",3.4999999999999996e-08,"[0, 6.180299999999999e-07, 0]","[0, 0, 0]",mortar,"[7.156641913530756e-05, 2.4893388083370158e-05, 0.004813852688404691]",element_400.json,[]
401,"[0.002060489156952812, 0.019568852832366132]",3.4999999999999996e-08,"[0, 6.180299999999999e-07, 0]","[0, 0, 0]",mortar,"[7.261118162199998e-05, 2.7125026852729596e-05, 0.00614799085906517]",element_401.json,[]
402,"[0.0010491963793492322, 0.019571119913284116]",3.4999999999999996e-08,"[0, 6.180299999999999e-07, 0]","[0, 0, 0]",mortar,"[7.365491149566072e-05, 2.308056331802914e-05, 0.005611269625962182]",element_402.json,[]
